Date;Measurement
2002.01.01;386
2002.01.02;375
2002.01.03;330
2002.01.04;304
2002.01.05;239
2002.01.06;221
2002.01.07;209
2002.01.08;196
2002.01.09;182
2002.01.10;183
2002.01.11;189
2002.01.12;191
2002.01.13;185
2002.01.14;170
2002.01.15;165
2002.01.16;157
2002.01.17;154
2002.01.18;156
2002.01.19;158
2002.01.20;151
2002.01.21;147
2002.01.22;143
2002.01.23;170
2002.01.24;268
2002.01.25;282
2002.01.26;281
2002.01.27;287
2002.01.28;301
2002.01.29;331
2002.01.30;475
2002.01.31;511
2002.02.01;491
2002.02.02;459
2002.02.03;423
2002.02.04;395
2002.02.05;366
2002.02.06;350
2002.02.07;329
2002.02.08;320
2002.02.09;309
2002.02.10;299
2002.02.11;303
2002.02.12;301
2002.02.13;328
2002.02.14;349
2002.02.15;377
2002.02.16;396
2002.02.17;387
2002.02.18;357
2002.02.19;329
2002.02.20;307
2002.02.21;302
2002.02.22;302
2002.02.23;349
2002.02.24;350
2002.02.25;345
2002.02.26;347
2002.02.27;354
2002.02.28;401
2002.03.01;430
2002.03.02;456
2002.03.03;460
2002.03.04;446
2002.03.05;424
2002.03.06;394
2002.03.07;372
2002.03.08;362
2002.03.09;346
2002.03.10;326
2002.03.11;312
2002.03.12;304
2002.03.13;288
2002.03.14;276
2002.03.15;262
2002.03.16;260
2002.03.17;256
2002.03.18;256
2002.03.19;253
2002.03.20;249
2002.03.21;257
2002.03.22;383
2002.03.23;521
2002.03.24;616
2002.03.25;700
2002.03.26;752
2002.03.27;767
2002.03.28;736
2002.03.29;639
2002.03.30;547
2002.03.31;475
2002.04.01;423
2002.04.02;391
2002.04.03;390
2002.04.04;382
2002.04.05;363
2002.04.06;359
2002.04.07;353
2002.04.08;334
2002.04.09;308
2002.04.10;284
2002.04.11;285
2002.04.12;289
2002.04.13;272
2002.04.14;275
2002.04.15;268
2002.04.16;269
2002.04.17;264
2002.04.18;268
2002.04.19;264
2002.04.20;253
2002.04.21;245
2002.04.22;237
2002.04.23;240
2002.04.24;236
2002.04.25;235
2002.04.26;257
2002.04.27;321
2002.04.28;324
2002.04.29;339
2002.04.30;345
2002.05.01;316
2002.05.02;308
2002.05.03;303
2002.05.04;290
2002.05.05;301
2002.05.06;331
2002.05.07;350
2002.05.08;328
2002.05.09;320
2002.05.10;299
2002.05.11;294
2002.05.12;293
2002.05.13;298
2002.05.14;295
2002.05.15;302
2002.05.16;312
2002.05.17;303
2002.05.18;278
2002.05.19;276
2002.05.20;280
2002.05.21;290
2002.05.22;326
2002.05.23;337
2002.05.24;316
2002.05.25;299
2002.05.26;289
2002.05.27;275
2002.05.28;263
2002.05.29;284
2002.05.30;304
2002.05.31;312
2002.06.01;297
2002.06.02;276
2002.06.03;250
2002.06.04;238
2002.06.05;228
2002.06.06;234
2002.06.07;232
2002.06.08;253
2002.06.09;347
2002.06.10;417
2002.06.11;410
2002.06.12;395
2002.06.13;398
2002.06.14;375
2002.06.15;344
2002.06.16;303
2002.06.17;289
2002.06.18;279
2002.06.19;269
2002.06.20;272
2002.06.21;274
2002.06.22;274
2002.06.23;266
2002.06.24;267
2002.06.25;266
2002.06.26;250
2002.06.27;249
2002.06.28;270
2002.06.29;265
2002.06.30;242
2002.07.01;258
2002.07.02;244
2002.07.03;219
2002.07.04;210
2002.07.05;203
2002.07.06;210
2002.07.07;245
2002.07.08;235
2002.07.09;226
2002.07.10;233
2002.07.11;227
2002.07.12;228
2002.07.13;198
2002.07.14;193
2002.07.15;183
2002.07.16;193
2002.07.17;212
2002.07.18;215
2002.07.19;265
2002.07.20;351
2002.07.21;363
2002.07.22;334
2002.07.23;275
2002.07.24;247
2002.07.25;238
2002.07.26;225
2002.07.27;212
2002.07.28;224
2002.07.29;221
2002.07.30;218
2002.07.31;212
2002.08.01;194
2002.08.02;201
2002.08.03;207
2002.08.04;214
2002.08.05;249
2002.08.06;238
2002.08.07;229
2002.08.08;244
2002.08.09;430
2002.08.10;538
2002.08.11;598
2002.08.12;590
2002.08.13;532
2002.08.14;584
2002.08.15;650
2002.08.16;716
2002.08.17;786
2002.08.18;833
2002.08.19;844
2002.08.20;808
2002.08.21;722
2002.08.22;591
2002.08.23;495
2002.08.24;465
2002.08.25;436
2002.08.26;389
2002.08.27;340
2002.08.28;326
2002.08.29;311
2002.08.30;314
2002.08.31;312
2002.09.01;290
2002.09.02;276
2002.09.03;267
2002.09.04;303
2002.09.05;310
2002.09.06;313
2002.09.07;278
2002.09.08;271
2002.09.09;267
2002.09.10;246
2002.09.11;227
2002.09.12;219
2002.09.13;233
2002.09.14;239
2002.09.15;230
2002.09.16;212
2002.09.17;198
2002.09.18;197
2002.09.19;200
2002.09.20;194
2002.09.21;185
2002.09.22;184
2002.09.23;200
2002.09.24;218
2002.09.25;242
2002.09.26;294
2002.09.27;356
2002.09.28;382
2002.09.29;425
2002.09.30;456
2002.10.01;412
2002.10.02;372
2002.10.03;337
2002.10.04;301
2002.10.05;285
2002.10.06;261
2002.10.07;268
2002.10.08;286
2002.10.09;299
2002.10.10;323
2002.10.11;323
2002.10.12;303
2002.10.13;287
2002.10.14;302
2002.10.15;365
2002.10.16;369
2002.10.17;344
2002.10.18;346
2002.10.19;343
2002.10.20;412
2002.10.21;449
2002.10.22;431
2002.10.23;407
2002.10.24;385
2002.10.25;366
2002.10.26;353
2002.10.27;343
2002.10.28;334
2002.10.29;357
2002.10.30;362
2002.10.31;351
2002.11.01;342
2002.11.02;342
2002.11.03;364
2002.11.04;358
2002.11.05;401
2002.11.06;459
2002.11.07;512
2002.11.08;519
2002.11.09;495
2002.11.10;467
2002.11.11;443
2002.11.12;463
2002.11.13;494
2002.11.14;538
2002.11.15;564
2002.11.16;546
2002.11.17;504
2002.11.18;482
2002.11.19;480
2002.11.20;465
2002.11.21;438
2002.11.22;433
2002.11.23;435
2002.11.24;426
2002.11.25;452
2002.11.26;445
2002.11.27;427
2002.11.28;399
2002.11.29;382
2002.11.30;363
2002.12.01;363
2002.12.02;359
2002.12.03;364
2002.12.04;381
2002.12.05;384
2002.12.06;385
2002.12.07;371
2002.12.08;360
2002.12.09;354
2002.12.10;331
2002.12.11;318
2002.12.12;300
2002.12.13;279
2002.12.14;272
2002.12.15;259
2002.12.16;255
2002.12.17;244
2002.12.18;233
2002.12.19;257
2002.12.20;266
2002.12.21;267
2002.12.22;267
2002.12.23;248
2002.12.24;315
2002.12.25;451
2002.12.26;455
2002.12.27;418
2002.12.28;381
2002.12.29;344
2002.12.30;321
2002.12.31;346
2003.01.01;429
2003.01.02;478
2003.01.03;480
2003.01.04;467
2003.01.05;513
2003.01.06;536
2003.01.07;535
2003.01.08;528
2003.01.09;508
2003.01.10;467
2003.01.11;437
2003.01.12;399
2003.01.13;370
2003.01.14;340
2003.01.15;313
2003.01.16;315
2003.01.17;339
2003.01.18;326
2003.01.19;307
2003.01.20;290
2003.01.21;283
2003.01.22;266
2003.01.23;265
2003.01.24;275
2003.01.25;268
2003.01.26;279
2003.01.27;301
2003.01.28;297
2003.01.29;296
2003.01.30;396
2003.01.31;430
2003.02.01;409
2003.02.02;386
2003.02.03;349
2003.02.04;313
2003.02.05;303
2003.02.06;307
2003.02.07;309
2003.02.08;308
2003.02.09;287
2003.02.10;267
2003.02.11;264
2003.02.12;254
2003.02.13;237
2003.02.14;230
2003.02.15;228
2003.02.16;225
2003.02.17;211
2003.02.18;197
2003.02.19;196
2003.02.20;200
2003.02.21;207
2003.02.22;205
2003.02.23;200
2003.02.24;195
2003.02.25;183
2003.02.26;172
2003.02.27;168
2003.02.28;183
2003.03.01;192
2003.03.02;192
2003.03.03;186
2003.03.04;187
2003.03.05;221
2003.03.06;265
2003.03.07;289
2003.03.08;289
2003.03.09;282
2003.03.10;296
2003.03.11;285
2003.03.12;277
2003.03.13;298
2003.03.14;331
2003.03.15;386
2003.03.16;368
2003.03.17;329
2003.03.18;310
2003.03.19;289
2003.03.20;281
2003.03.21;268
2003.03.22;256
2003.03.23;245
2003.03.24;239
2003.03.25;229
2003.03.26;215
2003.03.27;205
2003.03.28;217
2003.03.29;224
2003.03.30;233
2003.03.31;246
2003.04.01;251
2003.04.02;257
2003.04.03;271
2003.04.04;260
2003.04.05;250
2003.04.06;248
2003.04.07;247
2003.04.08;218
2003.04.09;207
2003.04.10;198
2003.04.11;198
2003.04.12;203
2003.04.13;217
2003.04.14;218
2003.04.15;212
2003.04.16;215
2003.04.17;221
2003.04.18;228
2003.04.19;234
2003.04.20;228
2003.04.21;223
2003.04.22;207
2003.04.23;191
2003.04.24;198
2003.04.25;211
2003.04.26;216
2003.04.27;217
2003.04.28;220
2003.04.29;217
2003.04.30;239
2003.05.01;245
2003.05.02;241
2003.05.03;255
2003.05.04;283
2003.05.05;267
2003.05.06;259
2003.05.07;243
2003.05.08;232
2003.05.09;245
2003.05.10;254
2003.05.11;261
2003.05.12;274
2003.05.13;276
2003.05.14;264
2003.05.15;264
2003.05.16;284
2003.05.17;279
2003.05.18;270
2003.05.19;258
2003.05.20;239
2003.05.21;230
2003.05.22;237
2003.05.23;289
2003.05.24;307
2003.05.25;309
2003.05.26;283
2003.05.27;261
2003.05.28;244
2003.05.29;238
2003.05.30;248
2003.05.31;260
2003.06.01;260
2003.06.02;256
2003.06.03;262
2003.06.04;271
2003.06.05;274
2003.06.06;258
2003.06.07;239
2003.06.08;252
2003.06.09;253
2003.06.10;255
2003.06.11;254
2003.06.12;254
2003.06.13;240
2003.06.14;239
2003.06.15;240
2003.06.16;231
2003.06.17;222
2003.06.18;241
2003.06.19;234
2003.06.20;229
2003.06.21;225
2003.06.22;229
2003.06.23;211
2003.06.24;195
2003.06.25;182
2003.06.26;172
2003.06.27;178
2003.06.28;180
2003.06.29;169
2003.06.30;154
2003.07.01;148
2003.07.02;161
2003.07.03;167
2003.07.04;164
2003.07.05;163
2003.07.06;167
2003.07.07;181
2003.07.08;171
2003.07.09;162
2003.07.10;152
2003.07.11;147
2003.07.12;139
2003.07.13;138
2003.07.14;138
2003.07.15;126
2003.07.16;110
2003.07.17;102
2003.07.18;109
2003.07.19;117
2003.07.20;145
2003.07.21;158
2003.07.22;146
2003.07.23;137
2003.07.24;128
2003.07.25;135
2003.07.26;137
2003.07.27;138
2003.07.28;164
2003.07.29;170
2003.07.30;153
2003.07.31;156
2003.08.01;202
2003.08.02;195
2003.08.03;193
2003.08.04;207
2003.08.05;182
2003.08.06;144
2003.08.07;128
2003.08.08;137
2003.08.09;134
2003.08.10;130
2003.08.11;115
2003.08.12;102
2003.08.13;83
2003.08.14;92
2003.08.15;92
2003.08.16;91
2003.08.17;84
2003.08.18;87
2003.08.19;83
2003.08.20;82
2003.08.21;105
2003.08.22;97
2003.08.23;91
2003.08.24;91
2003.08.25;92
2003.08.26;79
2003.08.27;65
2003.08.28;61
2003.08.29;55
2003.08.30;57
2003.08.31;58
2003.09.01;72
2003.09.02;114
2003.09.03;136
2003.09.04;143
2003.09.05;122
2003.09.06;106
2003.09.07;99
2003.09.08;87
2003.09.09;72
2003.09.10;64
2003.09.11;62
2003.09.12;72
2003.09.13;115
2003.09.14;124
2003.09.15;202
2003.09.16;259
2003.09.17;235
2003.09.18;196
2003.09.19;166
2003.09.20;147
2003.09.21;130
2003.09.22;123
2003.09.23;104
2003.09.24;89
2003.09.25;81
2003.09.26;86
2003.09.27;110
2003.09.28;114
2003.09.29;85
2003.09.30;76
2003.10.01;79
2003.10.02;76
2003.10.03;90
2003.10.04;90
2003.10.05;85
2003.10.06;90
2003.10.07;112
2003.10.08;238
2003.10.09;263
2003.10.10;274
2003.10.11;310
2003.10.12;376
2003.10.13;389
2003.10.14;352
2003.10.15;308
2003.10.16;285
2003.10.17;252
2003.10.18;215
2003.10.19;196
2003.10.20;180
2003.10.21;170
2003.10.22;162
2003.10.23;151
2003.10.24;162
2003.10.25;160
2003.10.26;149
2003.10.27;153
2003.10.28;142
2003.10.29;112
2003.10.30;115
2003.10.31;136
2003.11.01;125
2003.11.02;125
2003.11.03;129
2003.11.04;134
2003.11.05;153
2003.11.06;144
2003.11.07;134
2003.11.08;128
2003.11.09;116
2003.11.10;110
2003.11.11;96
2003.11.12;104
2003.11.13;100
2003.11.14;90
2003.11.15;96
2003.11.16;92
2003.11.17;88
2003.11.18;96
2003.11.19;96
2003.11.20;89
2003.11.21;97
2003.11.22;88
2003.11.23;92
2003.11.24;94
2003.11.25;80
2003.11.26;75
2003.11.27;69
2003.11.28;79
2003.11.29;85
2003.11.30;82
2003.12.01;92
2003.12.02;90
2003.12.03;93
2003.12.04;111
2003.12.05;96
2003.12.06;91
2003.12.07;100
2003.12.08;104
2003.12.09;88
2003.12.10;72
2003.12.11;63
2003.12.12;70
2003.12.13;84
2003.12.14;80
2003.12.15;78
2003.12.16;86
2003.12.17;109
2003.12.18;139
2003.12.19;146
2003.12.20;126
2003.12.21;111
2003.12.22;107
2003.12.23;101
2003.12.24;95
2003.12.25;97
2003.12.26;105
2003.12.27;105
2003.12.28;93
2003.12.29;75
2003.12.30;71
2003.12.31;75
2004.01.01;80
2004.01.02;84
2004.01.03;104
2004.01.04;101
2004.01.05;90
2004.01.06;79
2004.01.07;58
2004.01.08;71
2004.01.09;60
2004.01.10;74
2004.01.11;104
2004.01.12;98
2004.01.13;139
2004.01.14;200
2004.01.15;323
2004.01.16;444
2004.01.17;442
2004.01.18;432
2004.01.19;404
2004.01.20;366
2004.01.21;329
2004.01.22;295
2004.01.23;275
2004.01.24;249
2004.01.25;230
2004.01.26;207
2004.01.27;177
2004.01.28;167
2004.01.29;168
2004.01.30;169
2004.01.31;169
2004.02.01;165
2004.02.02;159
2004.02.03;146
2004.02.04;149
2004.02.05;335
2004.02.06;378
2004.02.07;376
2004.02.08;382
2004.02.09;371
2004.02.10;359
2004.02.11;327
2004.02.12;313
2004.02.13;303
2004.02.14;281
2004.02.15;264
2004.02.16;252
2004.02.17;241
2004.02.18;226
2004.02.19;234
2004.02.20;232
2004.02.21;223
2004.02.22;207
2004.02.23;196
2004.02.24;184
2004.02.25;210
2004.02.26;217
2004.02.27;208
2004.02.28;198
2004.02.29;185
2004.03.01;187
2004.03.02;181
2004.03.03;163
2004.03.04;166
2004.03.05;163
2004.03.06;157
2004.03.07;152
2004.03.08;150
2004.03.09;150
2004.03.10;147
2004.03.11;145
2004.03.12;147
2004.03.13;153
2004.03.14;154
2004.03.15;170
2004.03.16;193
2004.03.17;215
2004.03.18;265
2004.03.19;318
2004.03.20;354
2004.03.21;375
2004.03.22;399
2004.03.23;404
2004.03.24;404
2004.03.25;419
2004.03.26;423
2004.03.27;452
2004.03.28;448
2004.03.29;409
2004.03.30;376
2004.03.31;354
2004.04.01;332
2004.04.02;330
2004.04.03;334
2004.04.04;339
2004.04.05;357
2004.04.06;356
2004.04.07;356
2004.04.08;359
2004.04.09;351
2004.04.10;351
2004.04.11;338
2004.04.12;321
2004.04.13;289
2004.04.14;299
2004.04.15;299
2004.04.16;271
2004.04.17;258
2004.04.18;246
2004.04.19;248
2004.04.20;253
2004.04.21;261
2004.04.22;271
2004.04.23;279
2004.04.24;271
2004.04.25;265
2004.04.26;292
2004.04.27;318
2004.04.28;309
2004.04.29;291
2004.04.30;279
2004.05.01;269
2004.05.02;278
2004.05.03;293
2004.05.04;296
2004.05.05;308
2004.05.06;303
2004.05.07;297
2004.05.08;296
2004.05.09;299
2004.05.10;301
2004.05.11;281
2004.05.12;261
2004.05.13;234
2004.05.14;228
2004.05.15;226
2004.05.16;263
2004.05.17;277
2004.05.18;291
2004.05.19;315
2004.05.20;286
2004.05.21;266
2004.05.22;267
2004.05.23;282
2004.05.24;313
2004.05.25;333
2004.05.26;302
2004.05.27;283
2004.05.28;259
2004.05.29;240
2004.05.30;248
2004.05.31;274
2004.06.01;260
2004.06.02;239
2004.06.03;241
2004.06.04;291
2004.06.05;354
2004.06.06;473
2004.06.07;488
2004.06.08;482
2004.06.09;456
2004.06.10;419
2004.06.11;388
2004.06.12;374
2004.06.13;385
2004.06.14;411
2004.06.15;417
2004.06.16;396
2004.06.17;363
2004.06.18;329
2004.06.19;313
2004.06.20;299
2004.06.21;306
2004.06.22;368
2004.06.23;420
2004.06.24;384
2004.06.25;346
2004.06.26;357
2004.06.27;354
2004.06.28;361
2004.06.29;328
2004.06.30;320
2004.07.01;350
2004.07.02;350
2004.07.03;327
2004.07.04;307
2004.07.05;307
2004.07.06;300
2004.07.07;271
2004.07.08;253
2004.07.09;256
2004.07.10;274
2004.07.11;301
2004.07.12;322
2004.07.13;320
2004.07.14;301
2004.07.15;286
2004.07.16;277
2004.07.17;279
2004.07.18;294
2004.07.19;295
2004.07.20;271
2004.07.21;251
2004.07.22;238
2004.07.23;261
2004.07.24;267
2004.07.25;253
2004.07.26;240
2004.07.27;269
2004.07.28;310
2004.07.29;315
2004.07.30;306
2004.07.31;282
2004.08.01;256
2004.08.02;235
2004.08.03;212
2004.08.04;191
2004.08.05;184
2004.08.06;186
2004.08.07;184
2004.08.08;179
2004.08.09;172
2004.08.10;176
2004.08.11;177
2004.08.12;160
2004.08.13;143
2004.08.14;142
2004.08.15;152
2004.08.16;162
2004.08.17;171
2004.08.18;201
2004.08.19;190
2004.08.20;177
2004.08.21;174
2004.08.22;161
2004.08.23;157
2004.08.24;185
2004.08.25;197
2004.08.26;188
2004.08.27;185
2004.08.28;196
2004.08.29;276
2004.08.30;277
2004.08.31;240
2004.09.01;224
2004.09.02;239
2004.09.03;248
2004.09.04;234
2004.09.05;221
2004.09.06;205
2004.09.07;195
2004.09.08;173
2004.09.09;161
2004.09.10;157
2004.09.11;141
2004.09.12;122
2004.09.13;112
2004.09.14;106
2004.09.15;112
2004.09.16;114
2004.09.17;122
2004.09.18;157
2004.09.19;155
2004.09.20;146
2004.09.21;131
2004.09.22;120
2004.09.23;109
2004.09.24;123
2004.09.25;172
2004.09.26;291
2004.09.27;304
2004.09.28;298
2004.09.29;289
2004.09.30;257
2004.10.01;247
2004.10.02;252
2004.10.03;236
2004.10.04;222
2004.10.05;221
2004.10.06;195
2004.10.07;181
2004.10.08;171
2004.10.09;155
2004.10.10;157
2004.10.11;162
2004.10.12;201
2004.10.13;197
2004.10.14;187
2004.10.15;190
2004.10.16;181
2004.10.17;173
2004.10.18;170
2004.10.19;167
2004.10.20;159
2004.10.21;165
2004.10.22;175
2004.10.23;160
2004.10.24;160
2004.10.25;155
2004.10.26;150
2004.10.27;144
2004.10.28;134
2004.10.29;122
2004.10.30;131
2004.10.31;148
2004.11.01;144
2004.11.02;137
2004.11.03;144
2004.11.04;152
2004.11.05;149
2004.11.06;153
2004.11.07;147
2004.11.08;141
2004.11.09;136
2004.11.10;136
2004.11.11;144
2004.11.12;156
2004.11.13;160
2004.11.14;166
2004.11.15;168
2004.11.16;165
2004.11.17;154
2004.11.18;144
2004.11.19;144
2004.11.20;152
2004.11.21;193
2004.11.22;170
2004.11.23;161
2004.11.24;164
2004.11.25;211
2004.11.26;262
2004.11.27;259
2004.11.28;233
2004.11.29;206
2004.11.30;200
2004.12.01;181
2004.12.02;108
2004.12.03;179
2004.12.04;188
2004.12.05;187
2004.12.06;178
2004.12.07;160
2004.12.08;139
2004.12.09;143
2004.12.10;153
2004.12.11;162
2004.12.12;133
2004.12.13;130
2004.12.14;133
2004.12.15;121
2004.12.16;111
2004.12.17;111
2004.12.18;125
2004.12.19;120
2004.12.20;123
2004.12.21;113
2004.12.22;101
2004.12.23;93
2004.12.24;100
2004.12.25;103
2004.12.26;100
2004.12.27;110
2004.12.28;118
2004.12.29;145
2004.12.30;164
2004.12.31;169
2005.01.01;152
2005.01.02;140
2005.01.03;138
2005.01.04;129
2005.01.05;161
2005.01.06;174
2005.01.07;172
2005.01.08;187
2005.01.09;231
2005.01.10;219
2005.01.11;199
2005.01.12;187
2005.01.13;179
2005.01.14;181
2005.01.15;176
2005.01.16;166
2005.01.17;164
2005.01.18;152
2005.01.19;148
2005.01.20;142
2005.01.21;139
2005.01.22;163
2005.01.23;237
2005.01.24;274
2005.01.25;248
2005.01.26;247
2005.01.27;242
2005.01.28;233
2005.01.29;190
2005.01.30;164
2005.01.31;148
2005.02.01;153
2005.02.02;157
2005.02.03;158
2005.02.04;149
2005.02.05;142
2005.02.06;156
2005.02.07;159
2005.02.08;149
2005.02.09;131
2005.02.10;118
2005.02.11;127
2005.02.12;127
2005.02.13;134
2005.02.14;266
2005.02.15;425
2005.02.16;444
2005.02.17;427
2005.02.18;393
2005.02.19;339
2005.02.20;298
2005.02.21;265
2005.02.22;237
2005.02.23;219
2005.02.24;220
2005.02.25;225
2005.02.26;208
2005.02.27;202
2005.02.28;201
2005.03.01;186
2005.03.02;164
2005.03.03;148
2005.03.04;137
2005.03.05;139
2005.03.06;150
2005.03.07;160
2005.03.08;150
2005.03.09;145
2005.03.10;136
2005.03.11;145
2005.03.12;139
2005.03.13;135
2005.03.14;139
2005.03.15;143
2005.03.16;146
2005.03.17;156
2005.03.18;182
2005.03.19;259
2005.03.20;449
2005.03.21;572
2005.03.22;622
2005.03.23;629
2005.03.24;606
2005.03.25;556
2005.03.26;540
2005.03.27;538
2005.03.28;539
2005.03.29;554
2005.03.30;550
2005.03.31;545
2005.04.01;546
2005.04.02;546
2005.04.03;529
2005.04.04;490
2005.04.05;450
2005.04.06;406
2005.04.07;387
2005.04.08;384
2005.04.09;374
2005.04.10;376
2005.04.11;388
2005.04.12;402
2005.04.13;392
2005.04.14;368
2005.04.15;346
2005.04.16;337
2005.04.17;329
2005.04.18;338
2005.04.19;339
2005.04.20;359
2005.04.21;378
2005.04.22;455
2005.04.23;482
2005.04.24;455
2005.04.25;421
2005.04.26;387
2005.04.27;381
2005.04.28;474
2005.04.29;496
2005.04.30;476
2005.05.01;456
2005.05.02;434
2005.05.03;412
2005.05.04;403
2005.05.05;413
2005.05.06;441
2005.05.07;463
2005.05.08;456
2005.05.09;453
2005.05.10;450
2005.05.11;443
2005.05.12;429
2005.05.13;400
2005.05.14;373
2005.05.15;353
2005.05.16;334
2005.05.17;323
2005.05.18;325
2005.05.19;342
2005.05.20;374
2005.05.21;456
2005.05.22;439
2005.05.23;389
2005.05.24;362
2005.05.25;369
2005.05.26;392
2005.05.27;387
2005.05.28;367
2005.05.29;345
2005.05.30;345
2005.05.31;355
2005.06.01;350
2005.06.02;396
2005.06.03;399
2005.06.04;357
2005.06.05;313
2005.06.06;296
2005.06.07;304
2005.06.08;310
2005.06.09;301
2005.06.10;314
2005.06.11;298
2005.06.12;292
2005.06.13;261
2005.06.14;232
2005.06.15;226
2005.06.16;241
2005.06.17;250
2005.06.18;258
2005.06.19;290
2005.06.20;285
2005.06.21;259
2005.06.22;235
2005.06.23;234
2005.06.24;238
2005.06.25;234
2005.06.26;231
2005.06.27;228
2005.06.28;229
2005.06.29;235
2005.06.30;223
2005.07.01;217
2005.07.02;223
2005.07.03;224
2005.07.04;271
2005.07.05;299
2005.07.06;269
2005.07.07;268
2005.07.08;336
2005.07.09;323
2005.07.10;371
2005.07.11;385
2005.07.12;421
2005.07.13;507
2005.07.14;563
2005.07.15;614
2005.07.16;612
2005.07.17;542
2005.07.18;455
2005.07.19;403
2005.07.20;368
2005.07.21;346
2005.07.22;343
2005.07.23;330
2005.07.24;309
2005.07.25;276
2005.07.26;257
2005.07.27;243
2005.07.28;238
2005.07.29;256
2005.07.30;251
2005.07.31;232
2005.08.01;221
2005.08.02;221
2005.08.03;219
2005.08.04;230
2005.08.05;240
2005.08.06;242
2005.08.07;264
2005.08.08;256
2005.08.09;239
2005.08.10;243
2005.08.11;255
2005.08.12;250
2005.08.13;240
2005.08.14;226
2005.08.15;209
2005.08.16;201
2005.08.17;219
2005.08.18;390
2005.08.19;506
2005.08.20;487
2005.08.21;416
2005.08.22;359
2005.08.23;351
2005.08.24;387
2005.08.25;472
2005.08.26;556
2005.08.27;600
2005.08.28;620
2005.08.29;621
2005.08.30;577
2005.08.31;494
2005.09.01;430
2005.09.02;380
2005.09.03;343
2005.09.04;310
2005.09.05;297
2005.09.06;290
2005.09.07;262
2005.09.08;245
2005.09.09;233
2005.09.10;223
2005.09.11;216
2005.09.12;209
2005.09.13;207
2005.09.14;207
2005.09.15;219
2005.09.16;219
2005.09.17;211
2005.09.18;214
2005.09.19;217
2005.09.20;276
2005.09.21;263
2005.09.22;234
2005.09.23;221
2005.09.24;209
2005.09.25;205
2005.09.26;205
2005.09.27;222
2005.09.28;189
2005.09.29;181
2005.09.30;184
2005.10.01;167
2005.10.02;170
2005.10.03;207
2005.10.04;215
2005.10.05;260
2005.10.06;286
2005.10.07;298
2005.10.08;287
2005.10.09;257
2005.10.10;231
2005.10.11;210
2005.10.12;188
2005.10.13;181
2005.10.14;176
2005.10.15;172
2005.10.16;165
2005.10.17;165
2005.10.18;154
2005.10.19;150
2005.10.20;144
2005.10.21;139
2005.10.22;140
2005.10.23;140
2005.10.24;141
2005.10.25;138
2005.10.26;134
2005.10.27;130
2005.10.28;124
2005.10.29;121
2005.10.30;120
2005.10.31;117
2005.11.01;111
2005.11.02;106
2005.11.03;103
2005.11.04;95
2005.11.05;98
2005.11.06;110
2005.11.07;106
2005.11.08;104
2005.11.09;96
2005.11.10;95
2005.11.11;99
2005.11.12;107
2005.11.13;101
2005.11.14;93
2005.11.15;84
2005.11.16;84
2005.11.17;87
2005.11.18;101
2005.11.19;108
2005.11.20;102
2005.11.21;93
2005.11.22;96
2005.11.23;94
2005.11.24;90
2005.11.25;96
2005.11.26;105
2005.11.27;111
2005.11.28;121
2005.11.29;107
2005.11.30;113
2005.12.01;117
2005.12.02;108
2005.12.03;112
2005.12.04;103
2005.12.05;93
2005.12.06;101
2005.12.07;124
2005.12.08;182
2005.12.09;220
2005.12.10;215
2005.12.11;201
2005.12.12;184
2005.12.13;165
2005.12.14;142
2005.12.15;126
2005.12.16;126
2005.12.17;136
2005.12.18;148
2005.12.19;153
2005.12.20;152
2005.12.21;158
2005.12.22;157
2005.12.23;160
2005.12.24;143
2005.12.25;134
2005.12.26;121
2005.12.27;130
2005.12.28;143
2005.12.29;153
2005.12.30;150
2005.12.31;158
2006.01.01;152
2006.01.02;140
2006.01.03;144
2006.01.04;175
2006.01.05;217
2006.01.06;235
2006.01.07;222
2006.01.08;224
2006.01.09;213
2006.01.10;198
2006.01.11;170
2006.01.12;152
2006.01.13;151
2006.01.14;156
2006.01.15;147
2006.01.16;142
2006.01.17;139
2006.01.18;126
2006.01.19;124
2006.01.20;134
2006.01.21;131
2006.01.22;141
2006.01.23;146
2006.01.24;138
2006.01.25;111
2006.01.26;99
2006.01.27;104
2006.01.28;107
2006.01.29;115
2006.01.30;115
2006.01.31;111
2006.02.01;101
2006.02.02;99
2006.02.03;94
2006.02.04;102
2006.02.05;106
2006.02.06;104
2006.02.07;98
2006.02.08;102
2006.02.09;88
2006.02.10;118
2006.02.11;131
2006.02.12;133
2006.02.13;125
2006.02.14;115
2006.02.15;105
2006.02.16;95
2006.02.17;103
2006.02.18;111
2006.02.19;178
2006.02.20;262
2006.02.21;285
2006.02.22;291
2006.02.23;309
2006.02.24;327
2006.02.25;318
2006.02.26;290
2006.02.27;253
2006.02.28;225
2006.03.01;213
2006.03.02;197
2006.03.03;181
2006.03.04;171
2006.03.05;173
2006.03.06;172
2006.03.07;171
2006.03.08;181
2006.03.09;176
2006.03.10;172
2006.03.11;186
2006.03.12;319
2006.03.13;395
2006.03.14;424
2006.03.15;408
2006.03.16;352
2006.03.17;301
2006.03.18;265
2006.03.19;249
2006.03.20;237
2006.03.21;229
2006.03.22;215
2006.03.23;246
2006.03.24;306
2006.03.25;350
2006.03.26;358
2006.03.27;367
2006.03.28;474
2006.03.29;581
2006.03.30;648
2006.03.31;708
2006.04.01;768
2006.04.02;809
2006.04.03;839
2006.04.04;856
2006.04.05;856
2006.04.06;844
2006.04.07;819
2006.04.08;785
2006.04.09;748
2006.04.10;691
2006.04.11;624
2006.04.12;572
2006.04.13;563
2006.04.14;548
2006.04.15;534
2006.04.16;515
2006.04.17;514
2006.04.18;517
2006.04.19;532
2006.04.20;539
2006.04.21;536
2006.04.22;512
2006.04.23;495
2006.04.24;476
2006.04.25;473
2006.04.26;469
2006.04.27;460
2006.04.28;474
2006.04.29;492
2006.04.30;521
2006.05.01;563
2006.05.02;581
2006.05.03;574
2006.05.04;551
2006.05.05;534
2006.05.06;507
2006.05.07;492
2006.05.08;472
2006.05.09;454
2006.05.10;431
2006.05.11;420
2006.05.12;408
2006.05.13;392
2006.05.14;364
2006.05.15;348
2006.05.16;340
2006.05.17;352
2006.05.18;369
2006.05.19;369
2006.05.20;414
2006.05.21;449
2006.05.22;479
2006.05.23;477
2006.05.24;450
2006.05.25;428
2006.05.26;400
2006.05.27;373
2006.05.28;353
2006.05.29;404
2006.05.30;477
2006.05.31;530
2006.06.01;546
2006.06.02;553
2006.06.03;568
2006.06.04;565
2006.06.05;595
2006.06.06;629
2006.06.07;635
2006.06.08;599
2006.06.09;537
2006.06.10;491
2006.06.11;451
2006.06.12;408
2006.06.13;390
2006.06.14;374
2006.06.15;359
2006.06.16;362
2006.06.17;372
2006.06.18;363
2006.06.19;354
2006.06.20;357
2006.06.21;357
2006.06.22;367
2006.06.23;379
2006.06.24;378
2006.06.25;403
2006.06.26;397
2006.06.27;363
2006.06.28;345
2006.06.29;337
2006.06.30;352
2006.07.01;379
2006.07.02;431
2006.07.03;418
2006.07.04;375
2006.07.05;348
2006.07.06;323
2006.07.07;300
2006.07.08;286
2006.07.09;288
2006.07.10;294
2006.07.11;297
2006.07.12;290
2006.07.13;286
2006.07.14;267
2006.07.15;275
2006.07.16;259
2006.07.17;231
2006.07.18;210
2006.07.19;201
2006.07.20;196
2006.07.21;190
2006.07.22;188
2006.07.23;182
2006.07.24;179
2006.07.25;172
2006.07.26;165
2006.07.27;166
2006.07.28;169
2006.07.29;169
2006.07.30;168
2006.07.31;164
2006.08.01;175
2006.08.02;184
2006.08.03;180
2006.08.04;187
2006.08.05;198
2006.08.06;268
2006.08.07;313
2006.08.08;334
2006.08.09;461
2006.08.10;557
2006.08.11;598
2006.08.12;569
2006.08.13;477
2006.08.14;409
2006.08.15;371
2006.08.16;350
2006.08.17;329
2006.08.18;307
2006.08.19;279
2006.08.20;251
2006.08.21;248
2006.08.22;234
2006.08.23;224
2006.08.24;219
2006.08.25;214
2006.08.26;226
2006.08.27;238
2006.08.28;250
2006.08.29;230
2006.08.30;217
2006.08.31;225
2006.09.01;274
2006.09.02;324
2006.09.03;359
2006.09.04;319
2006.09.05;290
2006.09.06;263
2006.09.07;240
2006.09.08;220
2006.09.09;222
2006.09.10;219
2006.09.11;233
2006.09.12;213
2006.09.13;192
2006.09.14;181
2006.09.15;169
2006.09.16;167
2006.09.17;167
2006.09.18;158
2006.09.19;156
2006.09.20;148
2006.09.21;172
2006.09.22;272
2006.09.23;256
2006.09.24;236
2006.09.25;201
2006.09.26;176
2006.09.27;160
2006.09.28;150
2006.09.29;147
2006.09.30;151
2006.10.01;152
2006.10.02;143
2006.10.03;130
2006.10.04;132
2006.10.05;129
2006.10.06;131
2006.10.07;164
2006.10.08;205
2006.10.09;198
2006.10.10;171
2006.10.11;150
2006.10.12;147
2006.10.13;145
2006.10.14;141
2006.10.15;132
2006.10.16;119
2006.10.17;112
2006.10.18;112
2006.10.19;102
2006.10.20;99
2006.10.21;104
2006.10.22;113
2006.10.23;105
2006.10.24;101
2006.10.25;100
2006.10.26;89
2006.10.27;85
2006.10.28;96
2006.10.29;100
2006.10.30;99
2006.10.31;93
2006.11.01;109
2006.11.02;139
2006.11.03;138
2006.11.04;131
2006.11.05;124
2006.11.06;130
2006.11.07;123
2006.11.08;145
2006.11.09;183
2006.11.10;191
2006.11.11;184
2006.11.12;180
2006.11.13;195
2006.11.14;196
2006.11.15;255
2006.11.16;273
2006.11.17;318
2006.11.18;303
2006.11.19;259
2006.11.20;232
2006.11.21;209
2006.11.22;187
2006.11.23;177
2006.11.24;177
2006.11.25;193
2006.11.26;198
2006.11.27;184
2006.11.28;170
2006.11.29;158
2006.11.30;143
2006.12.01;133
2006.12.02;138
2006.12.03;139
2006.12.04;130
2006.12.05;124
2006.12.06;118
2006.12.07;119
2006.12.08;126
2006.12.09;135
2006.12.10;142
2006.12.11;141
2006.12.12;139
2006.12.13;153
2006.12.14;156
2006.12.15;155
2006.12.16;144
2006.12.17;136
2006.12.18;127
2006.12.19;126
2006.12.20;127
2006.12.21;125
2006.12.22;129
2006.12.23;130
2006.12.24;120
2006.12.25;114
2006.12.26;100
2006.12.27;94
2006.12.28;88
2006.12.29;86
2006.12.30;86
2006.12.31;88
2007.01.01;83
2007.01.02;88
2007.01.03;91
2007.01.04;115
2007.01.05;139
2007.01.06;155
2007.01.07;153
2007.01.08;152
2007.01.09;156
2007.01.10;174
2007.01.11;194
2007.01.12;202
2007.01.13;216
2007.01.14;208
2007.01.15;205
2007.01.16;192
2007.01.17;185
2007.01.18;168
2007.01.19;175
2007.01.20;187
2007.01.21;231
2007.01.22;387
2007.01.23;370
2007.01.24;328
2007.01.25;298
2007.01.26;279
2007.01.27;250
2007.01.28;226
2007.01.29;209
2007.01.30;199
2007.01.31;193
2007.02.01;195
2007.02.02;203
2007.02.03;219
2007.02.04;224
2007.02.05;214
2007.02.06;204
2007.02.07;198
2007.02.08;195
2007.02.09;229
2007.02.10;237
2007.02.11;223
2007.02.12;228
2007.02.13;237
2007.02.14;237
2007.02.15;244
2007.02.16;281
2007.02.17;310
2007.02.18;311
2007.02.19;306
2007.02.20;294
2007.02.21;253
2007.02.22;231
2007.02.23;223
2007.02.24;210
2007.02.25;200
2007.02.26;194
2007.02.27;199
2007.02.28;190
2007.03.01;202
2007.03.02;237
2007.03.03;314
2007.03.04;372
2007.03.05;392
2007.03.06;407
2007.03.07;391
2007.03.08;364
2007.03.09;322
2007.03.10;315
2007.03.11;353
2007.03.12;336
2007.03.13;306
2007.03.14;287
2007.03.15;269
2007.03.16;261
2007.03.17;255
2007.03.18;250
2007.03.19;239
2007.03.20;225
2007.03.21;221
2007.03.22;248
2007.03.23;272
2007.03.24;277
2007.03.25;282
2007.03.26;303
2007.03.27;305
2007.03.28;294
2007.03.29;300
2007.03.30;306
2007.03.31;297
2007.04.01;280
2007.04.02;273
2007.04.03;260
2007.04.04;249
2007.04.05;226
2007.04.06;215
2007.04.07;213
2007.04.08;211
2007.04.09;207
2007.04.10;199
2007.04.11;195
2007.04.12;190
2007.04.13;179
2007.04.14;183
2007.04.15;203
2007.04.16;221
2007.04.17;223
2007.04.18;209
2007.04.19;208
2007.04.20;199
2007.04.21;185
2007.04.22;178
2007.04.23;175
2007.04.24;170
2007.04.25;169
2007.04.26;167
2007.04.27;172
2007.04.28;168
2007.04.29;169
2007.04.30;173
2007.05.01;167
2007.05.02;157
2007.05.03;150
2007.05.04;143
2007.05.05;140
2007.05.06;151
2007.05.07;151
2007.05.08;161
2007.05.09;170
2007.05.10;180
2007.05.11;299
2007.05.12;405
2007.05.13;362
2007.05.14;296
2007.05.15;263
2007.05.16;248
2007.05.17;232
2007.05.18;233
2007.05.19;219
2007.05.20;203
2007.05.21;217
2007.05.22;220
2007.05.23;210
2007.05.24;193
2007.05.25;195
2007.05.26;205
2007.05.27;202
2007.05.28;200
2007.05.29;207
2007.05.30;202
2007.05.31;208
2007.06.01;260
2007.06.02;310
2007.06.03;316
2007.06.04;295
2007.06.05;274
2007.06.06;259
2007.06.07;241
2007.06.08;232
2007.06.09;224
2007.06.10;217
2007.06.11;213
2007.06.12;205
2007.06.13;201
2007.06.14;190
2007.06.15;207
2007.06.16;225
2007.06.17;228
2007.06.18;212
2007.06.19;213
2007.06.20;217
2007.06.21;210
2007.06.22;201
2007.06.23;202
2007.06.24;214
2007.06.25;214
2007.06.26;223
2007.06.27;223
2007.06.28;222
2007.06.29;233
2007.06.30;220
2007.07.01;219
2007.07.02;215
2007.07.03;188
2007.07.04;167
2007.07.05;192
2007.07.06;247
2007.07.07;290
2007.07.08;306
2007.07.09;297
2007.07.10;266
2007.07.11;261
2007.07.12;337
2007.07.13;383
2007.07.14;371
2007.07.15;343
2007.07.16;296
2007.07.17;253
2007.07.18;230
2007.07.19;220
2007.07.20;214
2007.07.21;207
2007.07.22;201
2007.07.23;190
2007.07.24;184
2007.07.25;201
2007.07.26;202
2007.07.27;201
2007.07.28;194
2007.07.29;177
2007.07.30;170
2007.07.31;156
2007.08.01;144
2007.08.02;149
2007.08.03;150
2007.08.04;162
2007.08.05;160
2007.08.06;161
2007.08.07;156
2007.08.08;141
2007.08.09;132
2007.08.10;134
2007.08.11;150
2007.08.12;189
2007.08.13;218
2007.08.14;225
2007.08.15;235
2007.08.16;230
2007.08.17;215
2007.08.18;199
2007.08.19;178
2007.08.20;179
2007.08.21;181
2007.08.22;184
2007.08.23;213
2007.08.24;213
2007.08.25;198
2007.08.26;174
2007.08.27;161
2007.08.28;153
2007.08.29;144
2007.08.30;138
2007.08.31;137
2007.09.01;166
2007.09.02;234
2007.09.03;250
2007.09.04;221
2007.09.05;194
2007.09.06;211
2007.09.07;273
2007.09.08;402
2007.09.09;559
2007.09.10;644
2007.09.11;689
2007.09.12;684
2007.09.13;651
2007.09.14;637
2007.09.15;603
2007.09.16;535
2007.09.17;453
2007.09.18;387
2007.09.19;362
2007.09.20;347
2007.09.21;353
2007.09.22;363
2007.09.23;342
2007.09.24;299
2007.09.25;261
2007.09.26;239
2007.09.27;232
2007.09.28;244
2007.09.29;245
2007.09.30;250
2007.10.01;272
2007.10.02;286
2007.10.03;270
2007.10.04;256
2007.10.05;240
2007.10.06;217
2007.10.07;206
2007.10.08;209
2007.10.09;214
2007.10.10;199
2007.10.11;194
2007.10.12;189
2007.10.13;183
2007.10.14;177
2007.10.15;169
2007.10.16;154
2007.10.17;144
2007.10.18;142
2007.10.19;148
2007.10.20;145
2007.10.21;144
2007.10.22;154
2007.10.23;157
2007.10.24;164
2007.10.25;173
2007.10.26;186
2007.10.27;190
2007.10.28;190
2007.10.29;197
2007.10.30;225
2007.10.31;252
2007.11.01;243
2007.11.02;225
2007.11.03;207
2007.11.04;187
2007.11.05;167
2007.11.06;161
2007.11.07;173
2007.11.08;180
2007.11.09;190
2007.11.10;235
2007.11.11;266
2007.11.12;279
2007.11.13;315
2007.11.14;402
2007.11.15;407
2007.11.16;398
2007.11.17;356
2007.11.18;312
2007.11.19;288
2007.11.20;266
2007.11.21;251
2007.11.22;242
2007.11.23;239
2007.11.24;232
2007.11.25;254
2007.11.26;300
2007.11.27;329
2007.11.28;336
2007.11.29;325
2007.11.30;298
2007.12.01;281
2007.12.02;262
2007.12.03;257
2007.12.04;274
2007.12.05;304
2007.12.06;337
2007.12.07;339
2007.12.08;349
2007.12.09;341
2007.12.10;365
2007.12.11;379
2007.12.12;387
2007.12.13;383
2007.12.14;386
2007.12.15;392
2007.12.16;388
2007.12.17;353
2007.12.18;310
2007.12.19;278
2007.12.20;267
2007.12.21;261
2007.12.22;245
2007.12.23;227
2007.12.24;214
2007.12.25;203
2007.12.26;195
2007.12.27;196
2007.12.28;181
2007.12.29;173
2007.12.30;177
2007.12.31;166
2008.01.01;153
2008.01.02;147
2008.01.03;151
2008.01.04;155
2008.01.05;158
2008.01.06;155
2008.01.07;152
2008.01.08;144
2008.01.09;153
2008.01.10;195
2008.01.11;233
2008.01.12;218
2008.01.13;209
2008.01.14;197
2008.01.15;184
2008.01.16;181
2008.01.17;189
2008.01.18;191
2008.01.19;189
2008.01.20;196
2008.01.21;225
2008.01.22;284
2008.01.23;322
2008.01.24;323
2008.01.25;297
2008.01.26;275
2008.01.27;270
2008.01.28;266
2008.01.29;245
2008.01.30;255
2008.01.31;255
2008.02.01;250
2008.02.02;248
2008.02.03;244
2008.02.04;221
2008.02.05;213
2008.02.06;207
2008.02.07;198
2008.02.08;203
2008.02.09;231
2008.02.10;234
2008.02.11;218
2008.02.12;202
2008.02.13;194
2008.02.14;194
2008.02.15;183
2008.02.16;178
2008.02.17;174
2008.02.18;165
2008.02.19;159
2008.02.20;151
2008.02.21;142
2008.02.22;144
2008.02.23;149
2008.02.24;163
2008.02.25;155
2008.02.26;147
2008.02.27;151
2008.02.28;173
2008.02.29;175
2008.03.01;171
2008.03.02;209
2008.03.03;285
2008.03.04;347
2008.03.05;377
2008.03.06;397
2008.03.07;371
2008.03.08;333
2008.03.09;306
2008.03.10;272
2008.03.11;245
2008.03.12;237
2008.03.13;230
2008.03.14;254
2008.03.15;293
2008.03.16;321
2008.03.17;419
2008.03.18;412
2008.03.19;394
2008.03.20;389
2008.03.21;377
2008.03.22;352
2008.03.23;310
2008.03.24;308
2008.03.25;311
2008.03.26;307
2008.03.27;281
2008.03.28;275
2008.03.29;277
2008.03.30;272
2008.03.31;263
2008.04.01;265
2008.04.02;276
2008.04.03;289
2008.04.04;300
2008.04.05;313
2008.04.06;329
2008.04.07;318
2008.04.08;314
2008.04.09;306
2008.04.10;301
2008.04.11;288
2008.04.12;276
2008.04.13;282
2008.04.14;306
2008.04.15;309
2008.04.16;299
2008.04.17;281
2008.04.18;279
2008.04.19;285
2008.04.20;281
2008.04.21;272
2008.04.22;271
2008.04.23;286
2008.04.24;324
2008.04.25;388
2008.04.26;426
2008.04.27;395
2008.04.28;382
2008.04.29;369
2008.04.30;349
2008.05.01;341
2008.05.02;371
2008.05.03;364
2008.05.04;348
2008.05.05;330
2008.05.06;312
2008.05.07;298
2008.05.08;292
2008.05.09;306
2008.05.10;307
2008.05.11;297
2008.05.12;294
2008.05.13;302
2008.05.14;299
2008.05.15;297
2008.05.16;295
2008.05.17;299
2008.05.18;316
2008.05.19;305
2008.05.20;310
2008.05.21;354
2008.05.22;374
2008.05.23;360
2008.05.24;347
2008.05.25;329
2008.05.26;312
2008.05.27;294
2008.05.28;300
2008.05.29;310
2008.05.30;328
2008.05.31;356
2008.06.01;368
2008.06.02;371
2008.06.03;357
2008.06.04;335
2008.06.05;319
2008.06.06;325
2008.06.07;365
2008.06.08;373
2008.06.09;369
2008.06.10;376
2008.06.11;364
2008.06.12;337
2008.06.13;300
2008.06.14;320
2008.06.15;335
2008.06.16;320
2008.06.17;288
2008.06.18;266
2008.06.19;256
2008.06.20;249
2008.06.21;249
2008.06.22;238
2008.06.23;226
2008.06.24;226
2008.06.25;228
2008.06.26;258
2008.06.27;273
2008.06.28;288
2008.06.29;290
2008.06.30;274
2008.07.01;256
2008.07.02;236
2008.07.03;241
2008.07.04;244
2008.07.05;244
2008.07.06;235
2008.07.07;230
2008.07.08;230
2008.07.09;230
2008.07.10;243
2008.07.11;263
2008.07.12;239
2008.07.13;224
2008.07.14;213
2008.07.15;227
2008.07.16;278
2008.07.17;359
2008.07.18;386
2008.07.19;366
2008.07.20;334
2008.07.21;319
2008.07.22;290
2008.07.23;329
2008.07.24;380
2008.07.25;414
2008.07.26;489
2008.07.27;462
2008.07.28;410
2008.07.29;370
2008.07.30;329
2008.07.31;297
2008.08.01;279
2008.08.02;278
2008.08.03;273
2008.08.04;271
2008.08.05;276
2008.08.06;256
2008.08.07;228
2008.08.08;212
2008.08.09;214
2008.08.10;236
2008.08.11;294
2008.08.12;305
2008.08.13;273
2008.08.14;251
2008.08.15;242
2008.08.16;246
2008.08.17;242
2008.08.18;307
2008.08.19;438
2008.08.20;422
2008.08.21;367
2008.08.22;316
2008.08.23;277
2008.08.24;267
2008.08.25;248
2008.08.26;258
2008.08.27;248
2008.08.28;245
2008.08.29;227
2008.08.30;202
2008.08.31;184
2008.09.01;180
2008.09.02;170
2008.09.03;164
2008.09.04;164
2008.09.05;170
2008.09.06;177
2008.09.07;170
2008.09.08;166
2008.09.09;157
2008.09.10;144
2008.09.11;144
2008.09.12;149
2008.09.13;153
2008.09.14;151
2008.09.15;150
2008.09.16;157
2008.09.17;169
2008.09.18;203
2008.09.19;229
2008.09.20;212
2008.09.21;193
2008.09.22;172
2008.09.23;161
2008.09.24;146
2008.09.25;148
2008.09.26;157
2008.09.27;162
2008.09.28;170
2008.09.29;178
2008.09.30;157
2008.10.01;141
2008.10.02;134
2008.10.03;132
2008.10.04;139
2008.10.05;148
2008.10.06;160
2008.10.07;172
2008.10.08;162
2008.10.09;162
2008.10.10;178
2008.10.11;179
2008.10.12;165
2008.10.13;157
2008.10.14;141
2008.10.15;130
2008.10.16;128
2008.10.17;127
2008.10.18;128
2008.10.19;147
2008.10.20;146
2008.10.21;146
2008.10.22;141
2008.10.23;137
2008.10.24;134
2008.10.25;129
2008.10.26;127
2008.10.27;121
2008.10.28;115
2008.10.29;105
2008.10.30;100
2008.10.31;109
2008.11.01;117
2008.11.02;147
2008.11.03;153
2008.11.04;139
2008.11.05;119
2008.11.06;109
2008.11.07;113
2008.11.08;117
2008.11.09;119
2008.11.10;121
2008.11.11;107
2008.11.12;97
2008.11.13;96
2008.11.14;104
2008.11.15;106
2008.11.16;107
2008.11.17;108
2008.11.18;102
2008.11.19;100
2008.11.20;103
2008.11.21;109
2008.11.22;119
2008.11.23;150
2008.11.24;230
2008.11.25;217
2008.11.26;191
2008.11.27;172
2008.11.28;166
2008.11.29;159
2008.11.30;148
2008.12.01;134
2008.12.02;128
2008.12.03;130
2008.12.04;164
2008.12.05;179
2008.12.06;187
2008.12.07;184
2008.12.08;179
2008.12.09;166
2008.12.10;166
2008.12.11;172
2008.12.12;166
2008.12.13;158
2008.12.14;156
2008.12.15;151
2008.12.16;137
2008.12.17;130
2008.12.18;136
2008.12.19;143
2008.12.20;165
2008.12.21;193
2008.12.22;191
2008.12.23;281
2008.12.24;357
2008.12.25;380
2008.12.26;349
2008.12.27;308
2008.12.28;270
2008.12.29;240
2008.12.30;216
2008.12.31;190
2009.01.01;171
2009.01.02;157
2009.01.03;151
2009.01.04;145
2009.01.05;144
2009.01.06;140
2009.01.07;131
2009.01.08;127
2009.01.09;123
2009.01.10;118
2009.01.11;121
2009.01.12;116
2009.01.13;89
2009.01.14;85
2009.01.15;116
2009.01.16;112
2009.01.17;116
2009.01.18;116
2009.01.19;121
2009.01.20;105
2009.01.21;102
2009.01.22;108
2009.01.23;125
2009.01.24;174
2009.01.25;191
2009.01.26;193
2009.01.27;176
2009.01.28;175
2009.01.29;174
2009.01.30;160
2009.01.31;156
2009.02.01;150
2009.02.02;146
2009.02.03;135
2009.02.04;129
2009.02.05;133
2009.02.06;134
2009.02.07;141
2009.02.08;140
2009.02.09;155
2009.02.10;184
2009.02.11;199
2009.02.12;198
2009.02.13;203
2009.02.14;223
2009.02.15;212
2009.02.16;180
2009.02.17;155
2009.02.18;154
2009.02.19;155
2009.02.20;151
2009.02.21;140
2009.02.22;134
2009.02.23;136
2009.02.24;139
2009.02.25;141
2009.02.26;164
2009.02.27;191
2009.02.28;196
2009.03.01;204
2009.03.02;294
2009.03.03;350
2009.03.04;357
2009.03.05;360
2009.03.06;391
2009.03.07;446
2009.03.08;480
2009.03.09;474
2009.03.10;472
2009.03.11;465
2009.03.12;467
2009.03.13;470
2009.03.14;458
2009.03.15;472
2009.03.16;476
2009.03.17;461
2009.03.18;466
2009.03.19;449
2009.03.20;430
2009.03.21;399
2009.03.22;375
2009.03.23;350
2009.03.24;326
2009.03.25;311
2009.03.26;326
2009.03.27;324
2009.03.28;312
2009.03.29;325
2009.03.30;356
2009.03.31;400
2009.04.01;475
2009.04.02;485
2009.04.03;473
2009.04.04;499
2009.04.05;529
2009.04.06;543
2009.04.07;537
2009.04.08;549
2009.04.09;552
2009.04.10;548
2009.04.11;536
2009.04.12;533
2009.04.13;529
2009.04.14;511
2009.04.15;487
2009.04.16;462
2009.04.17;448
2009.04.18;445
2009.04.19;437
2009.04.20;428
2009.04.21;414
2009.04.22;410
2009.04.23;403
2009.04.24;376
2009.04.25;366
2009.04.26;358
2009.04.27;342
2009.04.28;317
2009.04.29;316
2009.04.30;313
2009.05.01;345
2009.05.02;351
2009.05.03;338
2009.05.04;319
2009.05.05;321
2009.05.06;311
2009.05.07;313
2009.05.08;310
2009.05.09;320
2009.05.10;322
2009.05.11;320
2009.05.12;328
2009.05.13;336
2009.05.14;353
2009.05.15;393
2009.05.16;399
2009.05.17;403
2009.05.18;397
2009.05.19;371
2009.05.20;372
2009.05.21;387
2009.05.22;389
2009.05.23;372
2009.05.24;354
2009.05.25;346
2009.05.26;350
2009.05.27;358
2009.05.28;357
2009.05.29;357
2009.05.30;365
2009.05.31;365
2009.06.01;369
2009.06.02;383
2009.06.03;355
2009.06.04;328
2009.06.05;314
2009.06.06;288
2009.06.07;271
2009.06.08;259
2009.06.09;269
2009.06.10;294
2009.06.11;287
2009.06.12;278
2009.06.13;264
2009.06.14;251
2009.06.15;240
2009.06.16;227
2009.06.17;220
2009.06.18;236
2009.06.19;269
2009.06.20;285
2009.06.21;282
2009.06.22;338
2009.06.23;378
2009.06.24;381
2009.06.25;488
2009.06.26;579
2009.06.27;643
2009.06.28;696
2009.06.29;716
2009.06.30;706
2009.07.01;704
2009.07.02;714
2009.07.03;704
2009.07.04;653
2009.07.05;593
2009.07.06;563
2009.07.07;537
2009.07.08;519
2009.07.09;518
2009.07.10;520
2009.07.11;500
2009.07.12;451
2009.07.13;414
2009.07.14;386
2009.07.15;362
2009.07.16;336
2009.07.17;327
2009.07.18;319
2009.07.19;328
2009.07.20;384
2009.07.21;479
2009.07.22;476
2009.07.23;451
2009.07.24;409
2009.07.25;373
2009.07.26;357
2009.07.27;376
2009.07.28;373
2009.07.29;342
2009.07.30;319
2009.07.31;306
2009.08.01;280
2009.08.02;271
2009.08.03;269
2009.08.04;251
2009.08.05;245
2009.08.06;348
2009.08.07;432
2009.08.08;388
2009.08.09;347
2009.08.10;321
2009.08.11;296
2009.08.12;283
2009.08.13;301
2009.08.14;306
2009.08.15;289
2009.08.16;277
2009.08.17;277
2009.08.18;267
2009.08.19;238
2009.08.20;221
2009.08.21;210
2009.08.22;210
2009.08.23;194
2009.08.24;202
2009.08.25;214
2009.08.26;223
2009.08.27;206
2009.08.28;192
2009.08.29;186
2009.08.30;183
2009.08.31;212
2009.09.01;262
2009.09.02;235
2009.09.03;202
2009.09.04;192
2009.09.05;199
2009.09.06;229
2009.09.07;325
2009.09.08;323
2009.09.09;281
2009.09.10;250
2009.09.11;223
2009.09.12;208
2009.09.13;200
2009.09.14;228
2009.09.15;230
2009.09.16;218
2009.09.17;232
2009.09.18;232
2009.09.19;221
2009.09.20;220
2009.09.21;212
2009.09.22;198
2009.09.23;182
2009.09.24;166
2009.09.25;162
2009.09.26;162
2009.09.27;157
2009.09.28;143
2009.09.29;135
2009.09.30;128
2009.10.01;124
2009.10.02;130
2009.10.03;125
2009.10.04;121
2009.10.05;123
2009.10.06;110
2009.10.07;101
2009.10.08;91
2009.10.09;95
2009.10.10;103
2009.10.11;111
2009.10.12;114
2009.10.13;129
2009.10.14;148
2009.10.15;179
2009.10.16;197
2009.10.17;191
2009.10.18;176
2009.10.19;173
2009.10.20;187
2009.10.21;195
2009.10.22;195
2009.10.23;193
2009.10.24;193
2009.10.25;220
2009.10.26;250
2009.10.27;255
2009.10.28;240
2009.10.29;220
2009.10.30;217
2009.10.31;205
2009.11.01;194
2009.11.02;176
2009.11.03;157
2009.11.04;162
2009.11.05;184
2009.11.06;213
2009.11.07;232
2009.11.08;230
2009.11.09;213
2009.11.10;199
2009.11.11;204
2009.11.12;186
2009.11.13;201
2009.11.14;219
2009.11.15;214
2009.11.16;192
2009.11.17;177
2009.11.18;177
2009.11.19;176
2009.11.20;173
2009.11.21;183
2009.11.22;184
2009.11.23;175
2009.11.24;163
2009.11.25;173
2009.11.26;171
2009.11.27;160
2009.11.28;166
2009.11.29;166
2009.11.30;155
2009.12.01;152
2009.12.02;150
2009.12.03;151
2009.12.04;162
2009.12.05;173
2009.12.06;172
2009.12.07;166
2009.12.08;165
2009.12.09;167
2009.12.10;172
2009.12.11;193
2009.12.12;222
2009.12.13;256
2009.12.14;277
2009.12.15;270
2009.12.16;254
2009.12.17;228
2009.12.18;209
2009.12.19;198
2009.12.20;188
2009.12.21;182
2009.12.22;169
2009.12.23;151
2009.12.24;149
2009.12.25;183
2009.12.26;230
2009.12.27;276
2009.12.28;326
2009.12.29;295
2009.12.30;261
2009.12.31;251
2010.01.01;239
2010.01.02;227
2010.01.03;243
2010.01.04;259
2010.01.05;254
2010.01.06;234
2010.01.07;215
2010.01.08;206
2010.01.09;205
2010.01.10;212
2010.01.11;236
2010.01.12;246
2010.01.13;233
2010.01.14;224
2010.01.15;215
2010.01.16;206
2010.01.17;192
2010.01.18;179
2010.01.19;175
2010.01.20;174
2010.01.21;181
2010.01.22;187
2010.01.23;186
2010.01.24;178
2010.01.25;170
2010.01.26;161
2010.01.27;149
2010.01.28;128
2010.01.29;140
2010.01.30;142
2010.01.31;144
2010.02.01;144
2010.02.02;139
2010.02.03;140
2010.02.04;137
2010.02.05;134
2010.02.06;142
2010.02.07;160
2010.02.08;162
2010.02.09;154
2010.02.10;151
2010.02.11;153
2010.02.12;150
2010.02.13;152
2010.02.14;153
2010.02.15;150
2010.02.16;143
2010.02.17;127
2010.02.18;122
2010.02.19;126
2010.02.20;135
2010.02.21;155
2010.02.22;183
2010.02.23;198
2010.02.24;203
2010.02.25;208
2010.02.26;217
2010.02.27;256
2010.02.28;322
2010.03.01;382
2010.03.02;392
2010.03.03;391
2010.03.04;394
2010.03.05;380
2010.03.06;355
2010.03.07;321
2010.03.08;295
2010.03.09;271
2010.03.10;251
2010.03.11;235
2010.03.12;223
2010.03.13;204
2010.03.14;194
2010.03.15;186
2010.03.16;182
2010.03.17;183
2010.03.18;192
2010.03.19;213
2010.03.20;228
2010.03.21;235
2010.03.22;237
2010.03.23;257
2010.03.24;304
2010.03.25;338
2010.03.26;349
2010.03.27;349
2010.03.28;347
2010.03.29;350
2010.03.30;346
2010.03.31;333
2010.04.01;321
2010.04.02;316
2010.04.03;309
2010.04.04;285
2010.04.05;271
2010.04.06;256
2010.04.07;244
2010.04.08;246
2010.04.09;236
2010.04.10;227
2010.04.11;224
2010.04.12;219
2010.04.13;216
2010.04.14;220
2010.04.15;228
2010.04.16;256
2010.04.17;322
2010.04.18;330
2010.04.19;306
2010.04.20;278
2010.04.21;267
2010.04.22;263
2010.04.23;259
2010.04.24;249
2010.04.25;229
2010.04.26;213
2010.04.27;217
2010.04.28;225
2010.04.29;233
2010.04.30;227
2010.05.01;216
2010.05.02;220
2010.05.03;232
2010.05.04;247
2010.05.05;263
2010.05.06;276
2010.05.07;280
2010.05.08;319
2010.05.09;351
2010.05.10;339
2010.05.11;320
2010.05.12;295
2010.05.13;283
2010.05.14;292
2010.05.15;308
2010.05.16;392
2010.05.17;420
2010.05.18;441
2010.05.19;453
2010.05.20;450
2010.05.21;455
2010.05.22;460
2010.05.23;481
2010.05.24;507
2010.05.25;494
2010.05.26;464
2010.05.27;430
2010.05.28;422
2010.05.29;435
2010.05.30;443
2010.05.31;442
2010.06.01;436
2010.06.02;471
2010.06.03;550
2010.06.04;635
2010.06.05;707
2010.06.06;770
2010.06.07;812
2010.06.08;827
2010.06.09;794
2010.06.10;746
2010.06.11;688
2010.06.12;620
2010.06.13;565
2010.06.14;514
2010.06.15;490
2010.06.16;496
2010.06.17;486
2010.06.18;470
2010.06.19;476
2010.06.20;461
2010.06.21;466
2010.06.22;511
2010.06.23;560
2010.06.24;549
2010.06.25;512
2010.06.26;466
2010.06.27;426
2010.06.28;385
2010.06.29;354
2010.06.30;332
2010.07.01;311
2010.07.02;304
2010.07.03;297
2010.07.04;288
2010.07.05;277
2010.07.06;261
2010.07.07;323
2010.07.08;386
2010.07.09;356
2010.07.10;319
2010.07.11;281
2010.07.12;264
2010.07.13;251
2010.07.14;230
2010.07.15;223
2010.07.16;232
2010.07.17;227
2010.07.18;222
2010.07.19;222
2010.07.20;298
2010.07.21;315
2010.07.22;295
2010.07.23;267
2010.07.24;237
2010.07.25;232
2010.07.26;335
2010.07.27;458
2010.07.28;456
2010.07.29;410
2010.07.30;375
2010.07.31;387
2010.08.01;409
2010.08.02;431
2010.08.03;400
2010.08.04;362
2010.08.05;373
2010.08.06;401
2010.08.07;401
2010.08.08;432
2010.08.09;476
2010.08.10;538
2010.08.11;539
2010.08.12;487
2010.08.13;448
2010.08.14;414
2010.08.15;403
2010.08.16;399
2010.08.17;398
2010.08.18;426
2010.08.19;424
2010.08.20;416
2010.08.21;388
2010.08.22;351
2010.08.23;313
2010.08.24;284
2010.08.25;277
2010.08.26;280
2010.08.27;317
2010.08.28;317
2010.08.29;298
2010.08.30;303
2010.08.31;326
2010.09.01;340
2010.09.02;408
2010.09.03;498
2010.09.04;541
2010.09.05;538
2010.09.06;515
2010.09.07;492
2010.09.08;436
2010.09.09;402
2010.09.10;380
2010.09.11;376
2010.09.12;366
2010.09.13;367
2010.09.14;345
2010.09.15;322
2010.09.16;317
2010.09.17;308
2010.09.18;306
2010.09.19;298
2010.09.20;299
2010.09.21;292
2010.09.22;274
2010.09.23;257
2010.09.24;244
2010.09.25;236
2010.09.26;220
2010.09.27;236
2010.09.28;294
2010.09.29;318
2010.09.30;312
2010.10.01;305
2010.10.02;301
2010.10.03;299
2010.10.04;295
2010.10.05;282
2010.10.06;275
2010.10.07;274
2010.10.08;275
2010.10.09;258
2010.10.10;239
2010.10.11;225
2010.10.12;214
2010.10.13;198
2010.10.14;192
2010.10.15;193
2010.10.16;186
2010.10.17;185
2010.10.18;189
2010.10.19;187
2010.10.20;184
2010.10.21;183
2010.10.22;189
2010.10.23;194
2010.10.24;191
2010.10.25;191
2010.10.26;193
2010.10.27;188
2010.10.28;196
2010.10.29;211
2010.10.30;212
2010.10.31;199
2010.11.01;188
2010.11.02;183
2010.11.03;182
2010.11.04;188
2010.11.05;191
2010.11.06;190
2010.11.07;187
2010.11.08;174
2010.11.09;160
2010.11.10;162
2010.11.11;190
2010.11.12;207
2010.11.13;207
2010.11.14;205
2010.11.15;210
2010.11.16;221
2010.11.17;224
2010.11.18;212
2010.11.19;204
2010.11.20;202
2010.11.21;199
2010.11.22;209
2010.11.23;224
2010.11.24;240
2010.11.25;250
2010.11.26;241
2010.11.27;252
2010.11.28;245
2010.11.29;246
2010.11.30;240
2010.12.01;236
2010.12.02;228
2010.12.03;218
2010.12.04;212
2010.12.05;207
2010.12.06;201
2010.12.07;201
2010.12.08;191
2010.12.09;213
2010.12.10;310
2010.12.11;388
2010.12.12;427
2010.12.13;415
2010.12.14;419
2010.12.15;400
2010.12.16;367
2010.12.17;339
2010.12.18;294
2010.12.19;274
2010.12.20;252
2010.12.21;245
2010.12.22;240
2010.12.23;245
2010.12.24;267
2010.12.25;290
2010.12.26;343
2010.12.27;377
2010.12.28;361
2010.12.29;327
2010.12.30;301
2010.12.31;284
2011.01.01;273
2011.01.02;254
2011.01.03;244
2011.01.04;237
2011.01.05;232
2011.01.06;224
2011.01.07;218
2011.01.08;209
2011.01.09;201
2011.01.10;208
2011.01.11;239
2011.01.12;286
2011.01.13;322
2011.01.14;340
2011.01.15;437
2011.01.16;562
2011.01.17;629
2011.01.18;677
2011.01.19;672
2011.01.20;617
2011.01.21;542
2011.01.22;486
2011.01.23;443
2011.01.24;403
2011.01.25;369
2011.01.26;344
2011.01.27;328
2011.01.28;318
2011.01.29;305
2011.01.30;285
2011.01.31;273
2011.02.01;261
2011.02.02;244
2011.02.03;242
2011.02.04;242
2011.02.05;234
2011.02.06;222
2011.02.07;219
2011.02.08;234
2011.02.09;252
2011.02.10;267
2011.02.11;253
2011.02.12;239
2011.02.13;230
2011.02.14;278
2011.02.15;302
2011.02.16;287
2011.02.17;266
2011.02.18;250
2011.02.19;243
2011.02.20;237
2011.02.21;228
2011.02.22;219
2011.02.23;210
2011.02.24;196
2011.02.25;193
2011.02.26;188
2011.02.27;186
2011.02.28;178
2011.03.01;168
2011.03.02;164
2011.03.03;164
2011.03.04;164
2011.03.05;165
2011.03.06;169
2011.03.07;164
2011.03.08;161
2011.03.09;153
2011.03.10;142
2011.03.11;138
2011.03.12;138
2011.03.13;136
2011.03.14;133
2011.03.15;134
2011.03.16;136
2011.03.17;147
2011.03.18;173
2011.03.19;227
2011.03.20;305
2011.03.21;359
2011.03.22;342
2011.03.23;299
2011.03.24;264
2011.03.25;242
2011.03.26;235
2011.03.27;232
2011.03.28;220
2011.03.29;219
2011.03.30;222
2011.03.31;220
2011.04.01;205
2011.04.02;199
2011.04.03;202
2011.04.04;207
2011.04.05;215
2011.04.06;216
2011.04.07;224
2011.04.08;225
2011.04.09;229
2011.04.10;232
2011.04.11;229
2011.04.12;209
2011.04.13;204
2011.04.14;198
2011.04.15;202
2011.04.16;196
2011.04.17;187
2011.04.18;179
2011.04.19;170
2011.04.20;176
2011.04.21;171
2011.04.22;163
2011.04.23;157
2011.04.24;156
2011.04.25;152
2011.04.26;150
2011.04.27;151
2011.04.28;153
2011.04.29;161
2011.04.30;158
2011.05.01;161
2011.05.02;156
2011.05.03;147
2011.05.04;147
2011.05.05;150
2011.05.06;151
2011.05.07;154
2011.05.08;150
2011.05.09;146
2011.05.10;143
2011.05.11;133
2011.05.12;120
2011.05.13;123
2011.05.14;131
2011.05.15;138
2011.05.16;150
2011.05.17;164
2011.05.18;202
2011.05.19;203
2011.05.20;191
2011.05.21;172
2011.05.22;161
2011.05.23;159
2011.05.24;156
2011.05.25;153
2011.05.26;151
2011.05.27;154
2011.05.28;159
2011.05.29;173
2011.05.30;253
2011.05.31;278
2011.06.01;257
2011.06.02;231
2011.06.03;223
2011.06.04;223
2011.06.05;220
2011.06.06;212
2011.06.07;207
2011.06.08;199
2011.06.09;203
2011.06.10;211
2011.06.11;217
2011.06.12;238
2011.06.13;229
2011.06.14;214
2011.06.15;205
2011.06.16;191
2011.06.17;187
2011.06.18;177
2011.06.19;180
2011.06.20;196
2011.06.21;256
2011.06.22;281
2011.06.23;275
2011.06.24;249
2011.06.25;246
2011.06.26;298
2011.06.27;280
2011.06.28;254
2011.06.29;248
2011.06.30;228
2011.07.01;212
2011.07.02;230
2011.07.03;280
2011.07.04;302
2011.07.05;291
2011.07.06;264
2011.07.07;261
2011.07.08;261
2011.07.09;238
2011.07.10;215
2011.07.11;203
2011.07.12;198
2011.07.13;207
2011.07.14;216
2011.07.15;204
2011.07.16;198
2011.07.17;211
2011.07.18;216
2011.07.19;198
2011.07.20;183
2011.07.21;190
2011.07.22;229
2011.07.23;350
2011.07.24;402
2011.07.25;404
2011.07.26;383
2011.07.27;395
2011.07.28;360
2011.07.29;317
2011.07.30;301
2011.07.31;287
2011.08.01;276
2011.08.02;272
2011.08.03;272
2011.08.04;258
2011.08.05;250
2011.08.06;261
2011.08.07;290
2011.08.08;276
2011.08.09;267
2011.08.10;295
2011.08.11;377
2011.08.12;373
2011.08.13;335
2011.08.14;307
2011.08.15;279
2011.08.16;267
2011.08.17;263
2011.08.18;279
2011.08.19;290
2011.08.20;285
2011.08.21;257
2011.08.22;226
2011.08.23;213
2011.08.24;202
2011.08.25;194
2011.08.26;196
2011.08.27;181
2011.08.28;177
2011.08.29;171
2011.08.30;165
2011.08.31;161
2011.09.01;153
2011.09.02;142
2011.09.03;141
2011.09.04;130
2011.09.05;124
2011.09.06;130
2011.09.07;137
2011.09.08;172
2011.09.09;189
2011.09.10;177
2011.09.11;167
2011.09.12;171
2011.09.13;170
2011.09.14;156
2011.09.15;132
2011.09.16;122
2011.09.17;119
2011.09.18;121
2011.09.19;119
2011.09.20;126
2011.09.21;148
2011.09.22;219
2011.09.23;262
2011.09.24;244
2011.09.25;228
2011.09.26;202
2011.09.27;193
2011.09.28;183
2011.09.29;166
2011.09.30;153
2011.10.01;145
2011.10.02;137
2011.10.03;134
2011.10.04;126
2011.10.05;110
2011.10.06;101
2011.10.07;102
2011.10.08;106
2011.10.09;123
2011.10.10;180
2011.10.11;219
2011.10.12;258
2011.10.13;399
2011.10.14;392
2011.10.15;425
2011.10.16;388
2011.10.17;338
2011.10.18;291
2011.10.19;253
2011.10.20;221
2011.10.21;199
2011.10.22;193
2011.10.23;201
2011.10.24;187
2011.10.25;168
2011.10.26;156
2011.10.27;153
2011.10.28;153
2011.10.29;157
2011.10.30;155
2011.10.31;148
2011.11.01;139
2011.11.02;128
2011.11.03;114
2011.11.04;110
2011.11.05;113
2011.11.06;117
2011.11.07;121
2011.11.08;114
2011.11.09;100
2011.11.10;93
2011.11.11;94
2011.11.12;104
2011.11.13;106
2011.11.14;102
2011.11.15;93
2011.11.16;84
2011.11.17;84
2011.11.18;84
2011.11.19;89
2011.11.20;93
2011.11.21;92
2011.11.22;90
2011.11.23;84
2011.11.24;79
2011.11.25;74
2011.11.26;73
2011.11.27;83
2011.11.28;86
2011.11.29;84
2011.11.30;73
2011.12.01;64
2011.12.02;62
2011.12.03;67
2011.12.04;72
2011.12.05;70
2011.12.06;71
2011.12.07;78
2011.12.08;87
2011.12.09;94
2011.12.10;138
2011.12.11;153
2011.12.12;137
2011.12.13;131
2011.12.14;143
2011.12.15;163
2011.12.16;157
2011.12.17;156
2011.12.18;154
2011.12.19;161
2011.12.20;189
2011.12.21;200
2011.12.22;187
2011.12.23;169
2011.12.24;149
2011.12.25;155
2011.12.26;193
2011.12.27;215
2011.12.28;205
2011.12.29;182
2011.12.30;166
2011.12.31;157
2012.01.01;156
2012.01.02;155
2012.01.03;169
2012.01.04;236
2012.01.05;277
2012.01.06;288
2012.01.07;286
2012.01.08;314
2012.01.09;318
2012.01.10;320
2012.01.11;318
2012.01.12;318
2012.01.13;315
2012.01.14;298
2012.01.15;279
2012.01.16;270
2012.01.17;252
2012.01.18;231
2012.01.19;211
2012.01.20;204
2012.01.21;228
2012.01.22;374
2012.01.23;409
2012.01.24;463
2012.01.25;476
2012.01.26;464
2012.01.27;441
2012.01.28;399
2012.01.29;359
2012.01.30;319
2012.01.31;285
2012.02.01;260
2012.02.02;249
2012.02.03;239
2012.02.04;225
2012.02.05;210
2012.02.06;181
2012.02.07;175
2012.02.08;166
2012.02.09;166
2012.02.10;162
2012.02.11;171
2012.02.12;174
2012.02.13;165
2012.02.14;148
2012.02.15;151
2012.02.16;148
2012.02.17;156
2012.02.18;170
2012.02.19;163
2012.02.20;159
2012.02.21;153
2012.02.22;162
2012.02.23;176
2012.02.24;180
2012.02.25;169
2012.02.26;171
2012.02.27;234
2012.02.28;300
2012.02.29;294
2012.03.01;270
2012.03.02;333
2012.03.03;368
2012.03.04;379
2012.03.05;384
2012.03.06;380
2012.03.07;361
2012.03.08;336
2012.03.09;313
2012.03.10;284
2012.03.11;269
2012.03.12;259
2012.03.13;241
2012.03.14;241
2012.03.15;262
2012.03.16;279
2012.03.17;287
2012.03.18;302
2012.03.19;321
2012.03.20;337
2012.03.21;339
2012.03.22;346
2012.03.23;335
2012.03.24;315
2012.03.25;315
2012.03.26;323
2012.03.27;341
2012.03.28;343
2012.03.29;325
2012.03.30;309
2012.03.31;302
2012.04.01;336
2012.04.02;356
2012.04.03;339
2012.04.04;323
2012.04.05;299
2012.04.06;290
2012.04.07;293
2012.04.08;303
2012.04.09;314
2012.04.10;308
2012.04.11;284
2012.04.12;267
2012.04.13;261
2012.04.14;273
2012.04.15;281
2012.04.16;270
2012.04.17;262
2012.04.18;268
2012.04.19;290
2012.04.20;290
2012.04.21;282
2012.04.22;269
2012.04.23;256
2012.04.24;246
2012.04.25;242
2012.04.26;238
2012.04.27;235
2012.04.28;236
2012.04.29;247
2012.04.30;269
2012.05.01;307
2012.05.02;342
2012.05.03;354
2012.05.04;362
2012.05.05;374
2012.05.06;361
2012.05.07;338
2012.05.08;324
2012.05.09;315
2012.05.10;303
2012.05.11;291
2012.05.12;289
2012.05.13;292
2012.05.14;310
2012.05.15;323
2012.05.16;304
2012.05.17;281
2012.05.18;252
2012.05.19;251
2012.05.20;241
2012.05.21;228
2012.05.22;217
2012.05.23;225
2012.05.24;256
2012.05.25;279
2012.05.26;302
2012.05.27;319
2012.05.28;309
2012.05.29;293
2012.05.30;272
2012.05.31;257
2012.06.01;258
2012.06.02;269
2012.06.03;301
2012.06.04;325
2012.06.05;327
2012.06.06;378
2012.06.07;424
2012.06.08;400
2012.06.09;366
2012.06.10;342
2012.06.11;355
2012.06.12;371
2012.06.13;400
2012.06.14;412
2012.06.15;492
2012.06.16;515
2012.06.17;483
2012.06.18;422
2012.06.19;367
2012.06.20;333
2012.06.21;328
2012.06.22;344
2012.06.23;399
2012.06.24;412
2012.06.25;427
2012.06.26;400
2012.06.27;369
2012.06.28;352
2012.06.29;334
2012.06.30;312
2012.07.01;291
2012.07.02;277
2012.07.03;261
2012.07.04;260
2012.07.05;274
2012.07.06;284
2012.07.07;280
2012.07.08;274
2012.07.09;272
2012.07.10;256
2012.07.11;247
2012.07.12;252
2012.07.13;252
2012.07.14;250
2012.07.15;247
2012.07.16;252
2012.07.17;276
2012.07.18;301
2012.07.19;290
2012.07.20;273
2012.07.21;244
2012.07.22;245
2012.07.23;323
2012.07.24;352
2012.07.25;327
2012.07.26;294
2012.07.27;270
2012.07.28;281
2012.07.29;294
2012.07.30;289
2012.07.31;275
2012.08.01;268
2012.08.02;256
2012.08.03;237
2012.08.04;223
2012.08.05;217
2012.08.06;229
2012.08.07;247
2012.08.08;237
2012.08.09;231
2012.08.10;242
2012.08.11;227
2012.08.12;214
2012.08.13;201
2012.08.14;192
2012.08.15;173
2012.08.16;154
2012.08.17;145
2012.08.18;142
2012.08.19;141
2012.08.20;141
2012.08.21;136
2012.08.22;132
2012.08.23;132
2012.08.24;139
2012.08.25;139
2012.08.26;149
2012.08.27;155
2012.08.28;198
2012.08.29;243
2012.08.30;240
2012.08.31;219
2012.09.01;192
2012.09.02;238
2012.09.03;339
2012.09.04;313
2012.09.05;281
2012.09.06;253
2012.09.07;232
2012.09.08;241
2012.09.09;228
2012.09.10;214
2012.09.11;208
2012.09.12;219
2012.09.13;168
2012.09.14;150
2012.09.15;279
2012.09.16;321
2012.09.17;282
2012.09.18;240
2012.09.19;222
2012.09.20;209
2012.09.21;197
2012.09.22;214
2012.09.23;218
2012.09.24;206
2012.09.25;192
2012.09.26;182
2012.09.27;194
2012.09.28;212
2012.09.29;201
2012.09.30;196
2012.10.01;195
2012.10.02;183
2012.10.03;172
2012.10.04;167
2012.10.05;174
2012.10.06;171
2012.10.07;164
2012.10.08;152
2012.10.09;143
2012.10.10;162
2012.10.11;187
2012.10.12;209
2012.10.13;256
2012.10.14;276
2012.10.15;265
2012.10.16;258
2012.10.17;236
2012.10.18;228
2012.10.19;245
2012.10.20;242
2012.10.21;225
2012.10.22;211
2012.10.23;202
2012.10.24;185
2012.10.25;174
2012.10.26;166
2012.10.27;155
2012.10.28;154
2012.10.29;166
2012.10.30;192
2012.10.31;189
2012.11.01;179
2012.11.02;174
2012.11.03;170
2012.11.04;171
2012.11.05;185
2012.11.06;194
2012.11.07;231
2012.11.08;301
2012.11.09;311
2012.11.10;295
2012.11.11;273
2012.11.12;251
2012.11.13;235
2012.11.14;225
2012.11.15;226
2012.11.16;235
2012.11.17;219
2012.11.18;208
2012.11.19;198
2012.11.20;185
2012.11.21;170
2012.11.22;170
2012.11.23;168
2012.11.24;162
2012.11.25;155
2012.11.26;150
2012.11.27;136
2012.11.28;127
2012.11.29;129
2012.11.30;131
2012.12.01;131
2012.12.02;144
2012.12.03;154
2012.12.04;158
2012.12.05;153
2012.12.06;152
2012.12.07;152
2012.12.08;158
2012.12.09;165
2012.12.10;159
2012.12.11;142
2012.12.12;128
2012.12.13;129
2012.12.14;135
2012.12.15;139
2012.12.16;141
2012.12.17;134
2012.12.18;152
2012.12.19;188
2012.12.20;251
2012.12.21;291
2012.12.22;281
2012.12.23;259
2012.12.24;253
2012.12.25;363
2012.12.26;435
2012.12.27;430
2012.12.28;407
2012.12.29;380
2012.12.30;368
2012.12.31;356
2013.01.01;336
2013.01.02;323
2013.01.03;303
2013.01.04;274
2013.01.05;252
2013.01.06;268
2013.01.07;453
2013.01.08;535
2013.01.09;576
2013.01.10;576
2013.01.11;533
2013.01.12;470
2013.01.13;419
2013.01.14;372
2013.01.15;346
2013.01.16;313
2013.01.17;300
2013.01.18;285
2013.01.19;289
2013.01.20;282
2013.01.21;257
2013.01.22;233
2013.01.23;232
2013.01.24;252
2013.01.25;254
2013.01.26;235
2013.01.27;221
2013.01.28;205
2013.01.29;194
2013.01.30;186
2013.01.31;206
2013.02.01;384
2013.02.02;474
2013.02.03;477
2013.02.04;516
2013.02.05;522
2013.02.06;505
2013.02.07;508
2013.02.08;502
2013.02.09;481
2013.02.10;446
2013.02.11;413
2013.02.12;369
2013.02.13;340
2013.02.14;332
2013.02.15;314
2013.02.16;302
2013.02.17;291
2013.02.18;281
2013.02.19;265
2013.02.20;256
2013.02.21;253
2013.02.22;254
2013.02.23;254
2013.02.24;244
2013.02.25;251
2013.02.26;281
2013.02.27;315
2013.02.28;335
2013.03.01;337
2013.03.02;342
2013.03.03;340
2013.03.04;337
2013.03.05;334
2013.03.06;323
2013.03.07;310
2013.03.08;317
2013.03.09;351
2013.03.10;388
2013.03.11;423
2013.03.12;444
2013.03.13;447
2013.03.14;435
2013.03.15;437
2013.03.16;405
2013.03.17;371
2013.03.18;339
2013.03.19;320
2013.03.20;302
2013.03.21;300
2013.03.22;325
2013.03.23;332
2013.03.24;324
2013.03.25;294
2013.03.26;277
2013.03.27;262
2013.03.28;257
2013.03.29;253
2013.03.30;254
2013.03.31;255
2013.04.01;284
2013.04.02;349
2013.04.03;384
2013.04.04;375
2013.04.05;375
2013.04.06;367
2013.04.07;349
2013.04.08;339
2013.04.09;329
2013.04.10;316
2013.04.11;313
2013.04.12;321
2013.04.13;336
2013.04.14;346
2013.04.15;381
2013.04.16;389
2013.04.17;392
2013.04.18;406
2013.04.19;435
2013.04.20;461
2013.04.21;478
2013.04.22;486
2013.04.23;477
2013.04.24;465
2013.04.25;453
2013.04.26;425
2013.04.27;403
2013.04.28;394
2013.04.29;395
2013.04.30;411
2013.05.01;411
2013.05.02;393
2013.05.03;396
2013.05.04;413
2013.05.05;464
2013.05.06;471
2013.05.07;467
2013.05.08;452
2013.05.09;439
2013.05.10;414
2013.05.11;397
2013.05.12;408
2013.05.13;434
2013.05.14;447
2013.05.15;442
2013.05.16;422
2013.05.17;407
2013.05.18;381
2013.05.19;364
2013.05.20;359
2013.05.21;350
2013.05.22;332
2013.05.23;318
2013.05.24;315
2013.05.25;306
2013.05.26;295
2013.05.27;274
2013.05.28;276
2013.05.29;299
2013.05.30;339
2013.05.31;356
2013.06.01;382
2013.06.02;499
2013.06.03;564
2013.06.04;611
2013.06.05;664
2013.06.06;719
2013.06.07;784
2013.06.08;845
2013.06.09;883
2013.06.10;889
2013.06.11;859
2013.06.12;804
2013.06.13;741
2013.06.14;689
2013.06.15;647
2013.06.16;604
2013.06.17;563
2013.06.18;534
2013.06.19;501
2013.06.20;470
2013.06.21;448
2013.06.22;442
2013.06.23;420
2013.06.24;400
2013.06.25;407
2013.06.26;449
2013.06.27;511
2013.06.28;568
2013.06.29;540
2013.06.30;487
2013.07.01;433
2013.07.02;416
2013.07.03;402
2013.07.04;369
2013.07.05;352
2013.07.06;367
2013.07.07;374
2013.07.08;362
2013.07.09;347
2013.07.10;332
2013.07.11;316
2013.07.12;304
2013.07.13;303
2013.07.14;289
2013.07.15;273
2013.07.16;250
2013.07.17;234
2013.07.18;223
2013.07.19;225
2013.07.20;223
2013.07.21;218
2013.07.22;214
2013.07.23;204
2013.07.24;192
2013.07.25;187
2013.07.26;190
2013.07.27;189
2013.07.28;194
2013.07.29;193
2013.07.30;184
2013.07.31;171
2013.08.01;168
2013.08.02;169
2013.08.03;161
2013.08.04;152
2013.08.05;146
2013.08.06;143
2013.08.07;143
2013.08.08;148
2013.08.09;148
2013.08.10;152
2013.08.11;155
2013.08.12;174
2013.08.13;192
2013.08.14;176
2013.08.15;160
2013.08.16;149
2013.08.17;138
2013.08.18;133
2013.08.19;125
2013.08.20;119
2013.08.21;115
2013.08.22;137
2013.08.23;171
2013.08.24;166
2013.08.25;155
2013.08.26;145
2013.08.27;144
2013.08.28;195
2013.08.29;216
2013.08.30;242
2013.08.31;302
2013.09.01;268
2013.09.02;222
2013.09.03;187
2013.09.04;188
2013.09.05;182
2013.09.06;171
2013.09.07;166
2013.09.08;155
2013.09.09;138
2013.09.10;130
2013.09.11;133
2013.09.12;139
2013.09.13;163
2013.09.14;174
2013.09.15;174
2013.09.16;216
2013.09.17;241
2013.09.18;246
2013.09.19;346
2013.09.20;388
2013.09.21;456
2013.09.22;457
2013.09.23;422
2013.09.24;364
2013.09.25;311
2013.09.26;280
2013.09.27;252
2013.09.28;240
2013.09.29;245
2013.09.30;255
2013.10.01;240
2013.10.02;217
2013.10.03;197
2013.10.04;200
2013.10.05;197
2013.10.06;183
2013.10.07;165
2013.10.08;152
2013.10.09;157
2013.10.10;162
2013.10.11;163
2013.10.12;166
2013.10.13;188
2013.10.14;213
2013.10.15;232
2013.10.16;249
2013.10.17;252
2013.10.18;233
2013.10.19;211
2013.10.20;239
2013.10.21;242
2013.10.22;225
2013.10.23;210
2013.10.24;205
2013.10.25;201
2013.10.26;199
2013.10.27;205
2013.10.28;195
2013.10.29;185
2013.10.30;181
2013.10.31;172
2013.11.01;168
2013.11.02;175
2013.11.03;172
2013.11.04;169
2013.11.05;166
2013.11.06;186
2013.11.07;202
2013.11.08;222
2013.11.09;286
2013.11.10;291
2013.11.11;279
2013.11.12;277
2013.11.13;296
2013.11.14;300
2013.11.15;287
2013.11.16;271
2013.11.17;256
2013.11.18;237
2013.11.19;223
2013.11.20;213
2013.11.21;200
2013.11.22;199
2013.11.23;202
2013.11.24;213
2013.11.25;219
2013.11.26;238
2013.11.27;273
2013.11.28;252
2013.11.29;233
2013.11.30;221
2013.12.01;213
2013.12.02;200
2013.12.03;190
2013.12.04;180
2013.12.05;172
2013.12.06;171
2013.12.07;181
2013.12.08;181
2013.12.09;171
2013.12.10;165
2013.12.11;157
2013.12.12;178
2013.12.13;200
2013.12.14;211
2013.12.15;197
2013.12.16;184
2013.12.17;171
2013.12.18;163
2013.12.19;149
2013.12.20;148
2013.12.21;155
2013.12.22;149
2013.12.23;138
2013.12.24;132
2013.12.25;124
2013.12.26;120
2013.12.27;120
2013.12.28;132
2013.12.29;150
2013.12.30;155
2013.12.31;154
2014.01.01;148
2014.01.02;137
2014.01.03;131
2014.01.04;130
2014.01.05;123
2014.01.06;119
2014.01.07;122
2014.01.08;126
2014.01.09;134
2014.01.10;136
2014.01.11;138
2014.01.12;138
2014.01.13;136
2014.01.14;132
2014.01.15;134
2014.01.16;137
2014.01.17;139
2014.01.18;145
2014.01.19;153
2014.01.20;148
2014.01.21;141
2014.01.22;148
2014.01.23;158
2014.01.24;174
2014.01.25;181
2014.01.26;174
2014.01.27;174
2014.01.28;163
2014.01.29;149
2014.01.30;146
2014.01.31;141
2014.02.01;146
2014.02.02;147
2014.02.03;153
2014.02.04;163
2014.02.05;160
2014.02.06;150
2014.02.07;145
2014.02.08;145
2014.02.09;146
2014.02.10;146
2014.02.11;147
2014.02.12;160
2014.02.13;183
2014.02.14;206
2014.02.15;211
2014.02.16;198
2014.02.17;185
2014.02.18;181
2014.02.19;174
2014.02.20;168
2014.02.21;168
2014.02.22;177
2014.02.23;176
2014.02.24;169
2014.02.25;165
2014.02.26;163
2014.02.27;158
2014.02.28;152
2014.03.01;150
2014.03.02;143
2014.03.03;135
2014.03.04;130
2014.03.05;127
2014.03.06;122
2014.03.07;122
2014.03.08;126
2014.03.09;125
2014.03.10;118
2014.03.11;111
2014.03.12;102
2014.03.13;103
2014.03.14;105
2014.03.15;105
2014.03.16;107
2014.03.17;115
2014.03.18;118
2014.03.19;150
2014.03.20;169
2014.03.21;169
2014.03.22;162
2014.03.23;153
2014.03.24;144
2014.03.25;151
2014.03.26;169
2014.03.27;185
2014.03.28;186
2014.03.29;173
2014.03.30;159
2014.03.31;148
2014.04.01;140
2014.04.02;132
2014.04.03;130
2014.04.04;139
2014.04.05;140
2014.04.06;139
2014.04.07;134
2014.04.08;132
2014.04.09;143
2014.04.10;144
2014.04.11;152
2014.04.12;164
2014.04.13;173
2014.04.14;160
2014.04.15;143
2014.04.16;140
2014.04.17;144
2014.04.18;151
2014.04.19;151
2014.04.20;140
2014.04.21;137
2014.04.22;141
2014.04.23;155
2014.04.24;161
2014.04.25;155
2014.04.26;159
2014.04.27;164
2014.04.28;168
2014.04.29;168
2014.04.30;175
2014.05.01;190
2014.05.02;205
2014.05.03;199
2014.05.04;196
2014.05.05;201
2014.05.06;227
2014.05.07;222
2014.05.08;211
2014.05.09;196
2014.05.10;196
2014.05.11;200
2014.05.12;202
2014.05.13;220
2014.05.14;250
2014.05.15;253
2014.05.16;258
2014.05.17;294
2014.05.18;465
2014.05.19;546
2014.05.20;541
2014.05.21;476
2014.05.22;414
2014.05.23;375
2014.05.24;355
2014.05.25;336
2014.05.26;337
2014.05.27;316
2014.05.28;300
2014.05.29;306
2014.05.30;441
2014.05.31;475
2014.06.01;461
2014.06.02;401
2014.06.03;347
2014.06.04;297
2014.06.05;273
2014.06.06;266
2014.06.07;257
2014.06.08;246
2014.06.09;230
2014.06.10;210
2014.06.11;208
2014.06.12;210
2014.06.13;218
2014.06.14;240
2014.06.15;247
2014.06.16;227
2014.06.17;207
2014.06.18;191
2014.06.19;172
2014.06.20;163
2014.06.21;168
2014.06.22;156
2014.06.23;153
2014.06.24;147
2014.06.25;138
2014.06.26;140
2014.06.27;166
2014.06.28;178
2014.06.29;179
2014.06.30;171
2014.07.01;158
2014.07.02;186
2014.07.03;244
2014.07.04;241
2014.07.05;231
2014.07.06;221
2014.07.07;210
2014.07.08;192
2014.07.09;181
2014.07.10;182
2014.07.11;229
2014.07.12;259
2014.07.13;251
2014.07.14;259
2014.07.15;257
2014.07.16;259
2014.07.17;249
2014.07.18;241
2014.07.19;218
2014.07.20;206
2014.07.21;200
2014.07.22;186
2014.07.23;182
2014.07.24;233
2014.07.25;276
2014.07.26;281
2014.07.27;268
2014.07.28;228
2014.07.29;206
2014.07.30;231
2014.07.31;267
2014.08.01;293
2014.08.02;405
2014.08.03;484
2014.08.04;475
2014.08.05;429
2014.08.06;427
2014.08.07;398
2014.08.08;381
2014.08.09;348
2014.08.10;319
2014.08.11;291
2014.08.12;275
2014.08.13;266
2014.08.14;293
2014.08.15;350
2014.08.16;400
2014.08.17;381
2014.08.18;357
2014.08.19;332
2014.08.20;306
2014.08.21;291
2014.08.22;276
2014.08.23;265
2014.08.24;264
2014.08.25;262
2014.08.26;255
2014.08.27;253
2014.08.28;242
2014.08.29;239
2014.08.30;248
2014.08.31;254
2014.09.01;266
2014.09.02;281
2014.09.03;385
2014.09.04;452
2014.09.05;465
2014.09.06;429
2014.09.07;383
2014.09.08;348
2014.09.09;296
2014.09.10;270
2014.09.11;260
2014.09.12;271
2014.09.13;292
2014.09.14;337
2014.09.15;385
2014.09.16;453
2014.09.17;472
2014.09.18;431
2014.09.19;399
2014.09.20;364
2014.09.21;342
2014.09.22;323
2014.09.23;308
2014.09.24;308
2014.09.25;329
2014.09.26;338
2014.09.27;317
2014.09.28;298
2014.09.29;288
2014.09.30;280
2014.10.01;254
2014.10.02;237
2014.10.03;242
2014.10.04;265
2014.10.05;270
2014.10.06;260
2014.10.07;239
2014.10.08;218
2014.10.09;202
2014.10.10;197
2014.10.11;189
2014.10.12;184
2014.10.13;177
2014.10.14;171
2014.10.15;169
2014.10.16;155
2014.10.17;156
2014.10.18;159
2014.10.19;169
2014.10.20;184
2014.10.21;183
2014.10.22;185
2014.10.23;207
2014.10.24;281
2014.10.25;430
2014.10.26;536
2014.10.27;527
2014.10.28;463
2014.10.29;406
2014.10.30;361
2014.10.31;334
2014.11.01;303
2014.11.02;286
2014.11.03;276
2014.11.04;266
2014.11.05;253
2014.11.06;237
2014.11.07;233
2014.11.08;245
2014.11.09;266
2014.11.10;258
2014.11.11;252
2014.11.12;244
2014.11.13;236
2014.11.14;227
2014.11.15;218
2014.11.16;213
2014.11.17;203
2014.11.18;192
2014.11.19;179
2014.11.20;187
2014.11.21;218
2014.11.22;235
2014.11.23;238
2014.11.24;226
2014.11.25;205
2014.11.26;188
2014.11.27;178
2014.11.28;176
2014.11.29;173
2014.11.30;166
2014.12.01;161
2014.12.02;166
2014.12.03;182
2014.12.04;189
2014.12.05;186
2014.12.06;187
2014.12.07;186
2014.12.08;180
2014.12.09;180
2014.12.10;187
2014.12.11;188
2014.12.12;189
2014.12.13;182
2014.12.14;175
2014.12.15;168
2014.12.16;159
2014.12.17;150
2014.12.18;154
2014.12.19;159
2014.12.20;165
2014.12.21;189
2014.12.22;221
2014.12.23;238
2014.12.24;225
2014.12.25;209
2014.12.26;195
2014.12.27;183
2014.12.28;166
2014.12.29;153
2014.12.30;159
2014.12.31;156
2015.01.01;149
2015.01.02;141
2015.01.03;137
2015.01.04;138
2015.01.05;159
2015.01.06;248
2015.01.07;298
2015.01.08;311
2015.01.09;294
2015.01.10;271
2015.01.11;278
2015.01.12;441
2015.01.13;534
2015.01.14;537
2015.01.15;488
2015.01.16;436
2015.01.17;385
2015.01.18;346
2015.01.19;332
2015.01.20;319
2015.01.21;303
2015.01.22;297
2015.01.23;287
2015.01.24;278
2015.01.25;272
2015.01.26;259
2015.01.27;244
2015.01.28;229
2015.01.29;225
2015.01.30;228
2015.01.31;232
2015.02.01;232
2015.02.02;235
2015.02.03;230
2015.02.04;225
2015.02.05;216
2015.02.06;214
2015.02.07;212
2015.02.08;203
2015.02.09;191
2015.02.10;182
2015.02.11;174
2015.02.12;178
2015.02.13;178
2015.02.14;181
2015.02.15;184
2015.02.16;192
2015.02.17;190
2015.02.18;184
2015.02.19;184
2015.02.20;185
2015.02.21;184
2015.02.22;182
2015.02.23;172
2015.02.24;168
2015.02.25;179
2015.02.26;229
2015.02.27;266
2015.02.28;284
2015.03.01;273
2015.03.02;260
2015.03.03;248
2015.03.04;258
2015.03.05;305
2015.03.06;319
2015.03.07;304
2015.03.08;281
2015.03.09;254
2015.03.10;233
2015.03.11;218
2015.03.12;217
2015.03.13;216
2015.03.14;218
2015.03.15;215
2015.03.16;209
2015.03.17;192
2015.03.18;188
2015.03.19;193
2015.03.20;200
2015.03.21;200
2015.03.22;203
2015.03.23;202
2015.03.24;199
2015.03.25;205
2015.03.26;207
2015.03.27;205
2015.03.28;207
2015.03.29;216
2015.03.30;219
2015.03.31;219
2015.04.01;248
2015.04.02;361
2015.04.03;394
2015.04.04;405
2015.04.05;401
2015.04.06;371
2015.04.07;340
2015.04.08;318
2015.04.09;297
2015.04.10;281
2015.04.11;276
2015.04.12;293
2015.04.13;316
2015.04.14;313
2015.04.15;313
2015.04.16;316
2015.04.17;315
2015.04.18;305
2015.04.19;309
2015.04.20;332
2015.04.21;323
2015.04.22;299
2015.04.23;270
2015.04.24;256
2015.04.25;256
2015.04.26;256
2015.04.27;258
2015.04.28;241
2015.04.29;260
2015.04.30;272
2015.05.01;274
2015.05.02;285
2015.05.03;262
2015.05.04;262
2015.05.05;319
2015.05.06;361
2015.05.07;383
2015.05.08;402
2015.05.09;413
2015.05.10;402
2015.05.11;377
2015.05.12;361
2015.05.13;333
2015.05.14;303
2015.05.15;304
2015.05.16;326
2015.05.17;344
2015.05.18;333
2015.05.19;320
2015.05.20;304
2015.05.21;303
2015.05.22;346
2015.05.23;421
2015.05.24;451
2015.05.25;488
2015.05.26;529
2015.05.27;494
2015.05.28;452
2015.05.29;447
2015.05.30;427
2015.05.31;388
2015.06.01;355
2015.06.02;336
2015.06.03;322
2015.06.04;322
2015.06.05;317
2015.06.06;302
2015.06.07;299
2015.06.08;306
2015.06.09;314
2015.06.10;330
2015.06.11;356
2015.06.12;345
2015.06.13;334
2015.06.14;303
2015.06.15;276
2015.06.16;265
2015.06.17;270
2015.06.18;281
2015.06.19;294
2015.06.20;281
2015.06.21;270
2015.06.22;283
2015.06.23;301
2015.06.24;298
2015.06.25;305
2015.06.26;335
2015.06.27;321
2015.06.28;287
2015.06.29;256
2015.06.30;247
2015.07.01;250
2015.07.02;245
2015.07.03;229
2015.07.04;217
2015.07.05;208
2015.07.06;207
2015.07.07;209
2015.07.08;195
2015.07.09;181
2015.07.10;184
2015.07.11;205
2015.07.12;189
2015.07.13;170
2015.07.14;154
2015.07.15;144
2015.07.16;148
2015.07.17;163
2015.07.18;160
2015.07.19;151
2015.07.20;143
2015.07.21;143
2015.07.22;138
2015.07.23;137
2015.07.24;140
2015.07.25;137
2015.07.26;137
2015.07.27;136
2015.07.28;134
2015.07.29;140
2015.07.30;142
2015.07.31;135
2015.08.01;137
2015.08.02;160
2015.08.03;145
2015.08.04;129
2015.08.05;147
2015.08.06;148
2015.08.07;135
2015.08.08;139
2015.08.09;126
2015.08.10;116
2015.08.11;114
2015.08.12;112
2015.08.13;106
2015.08.14;113
2015.08.15;109
2015.08.16;101
2015.08.17;99
2015.08.18;106
2015.08.19;125
2015.08.20;162
2015.08.21;171
2015.08.22;169
2015.08.23;172
2015.08.24;160
2015.08.25;123
2015.08.26;105
2015.08.27;96
2015.08.28;103
2015.08.29;109
2015.08.30;103
2015.08.31;101
2015.09.01;92
2015.09.02;84
2015.09.03;81
2015.09.04;83
2015.09.05;107
2015.09.06;133
2015.09.07;159
2015.09.08;160
2015.09.09;155
2015.09.10;140
2015.09.11;134
2015.09.12;134
2015.09.13;117
2015.09.14;101
2015.09.15;95
2015.09.16;83
2015.09.17;88
2015.09.18;107
2015.09.19;103
2015.09.20;99
2015.09.21;90
2015.09.22;78
2015.09.23;71
2015.09.24;72
2015.09.25;82
2015.09.26;101
2015.09.27;116
2015.09.28;118
2015.09.29;109
2015.09.30;96
2015.10.01;83
2015.10.02;79
2015.10.03;78
2015.10.04;75
2015.10.05;68
2015.10.06;65
2015.10.07;64
2015.10.08;71
2015.10.09;92
2015.10.10;152
2015.10.11;189
2015.10.12;166
2015.10.13;129
2015.10.14;112
2015.10.15;104
2015.10.16;109
2015.10.17;137
2015.10.18;161
2015.10.19;165
2015.10.20;154
2015.10.21;152
2015.10.22;165
2015.10.23;178
2015.10.24;175
2015.10.25;150
2015.10.26;127
2015.10.27;122
2015.10.28;121
2015.10.29;107
2015.10.30;106
2015.10.31;104
2015.11.01;104
2015.11.02;103
2015.11.03;85
2015.11.04;76
2015.11.05;77
2015.11.06;69
2015.11.07;74
2015.11.08;83
2015.11.09;74
2015.11.10;66
2015.11.11;64
2015.11.12;61
2015.11.13;71
2015.11.14;73
2015.11.15;72
2015.11.16;69
2015.11.17;66
2015.11.18;75
2015.11.19;92
2015.11.20;83
2015.11.21;78
2015.11.22;89
2015.11.23;136
2015.11.24;188
2015.11.25;201
2015.11.26;166
2015.11.27;130
2015.11.28;118
2015.11.29;120
2015.11.30;109
2015.12.01;101
2015.12.02;116
2015.12.03;195
2015.12.04;322
2015.12.05;299
2015.12.06;237
2015.12.07;195
2015.12.08;172
2015.12.09;153
2015.12.10;138
2015.12.11;121
2015.12.12;123
2015.12.13;126
2015.12.14;121
2015.12.15;107
2015.12.16;98
2015.12.17;96
2015.12.18;99
2015.12.19;102
2015.12.20;109
2015.12.21;117
2015.12.22;116
2015.12.23;111
2015.12.24;106
2015.12.25;101
2015.12.26;97
2015.12.27;90
2015.12.28;82
2015.12.29;77
2015.12.30;76
2015.12.31;75
2016.01.01;73
2016.01.02;66
2016.01.03;62
2016.01.04;68
2016.01.05;63
2016.01.06;66
2016.01.07;75
2016.01.08;81
2016.01.09;83
2016.01.10;93
2016.01.11;97
2016.01.12;111
2016.01.13;143
2016.01.14;182
2016.01.15;211
2016.01.16;217
2016.01.17;207
2016.01.18;179
2016.01.19;157
2016.01.20;144
2016.01.21;132
2016.01.22;123
2016.01.23;118
2016.01.24;111
2016.01.25;109
2016.01.26;99
2016.01.27;99
2016.01.28;135
2016.01.29;165
2016.01.30;180
2016.01.31;192
2016.02.01;220
2016.02.02;229
2016.02.03;382
2016.02.04;457
2016.02.05;443
2016.02.06;397
2016.02.07;352
2016.02.08;323
2016.02.09;290
2016.02.10;273
2016.02.11;286
2016.02.12;323
2016.02.13;336
2016.02.14;323
2016.02.15;306
2016.02.16;294
2016.02.17;305
2016.02.18;319
2016.02.19;317
2016.02.20;298
2016.02.21;319
2016.02.22;325
2016.02.23;412
2016.02.24;473
2016.02.25;462
2016.02.26;454
2016.02.27;409
2016.02.28;360
2016.02.29;322
2016.03.01;306
2016.03.02;299
2016.03.03;307
2016.03.04;315
2016.03.05;321
2016.03.06;344
2016.03.07;330
2016.03.08;306
2016.03.09;297
2016.03.10;289
2016.03.11;272
2016.03.12;255
2016.03.13;242
2016.03.14;230
2016.03.15;229
2016.03.16;212
2016.03.17;207
2016.03.18;208
2016.03.19;204
2016.03.20;193
2016.03.21;191
2016.03.22;178
2016.03.23;171
2016.03.24;177
2016.03.25;174
2016.03.26;171
2016.03.27;167
2016.03.28;164
2016.03.29;170
2016.03.30;167
2016.03.31;172
2016.04.01;183
2016.04.02;183
2016.04.03;185
2016.04.04;199
2016.04.05;201
2016.04.06;211
2016.04.07;218
2016.04.08;222
2016.04.09;232
2016.04.10;236
2016.04.11;229
2016.04.12;220
2016.04.13;203
2016.04.14;200
2016.04.15;204
2016.04.16;214
2016.04.17;226
2016.04.18;219
2016.04.19;211
2016.04.20;216
2016.04.21;258
2016.04.22;277
2016.04.23;251
2016.04.24;224
2016.04.25;216
2016.04.26;214
2016.04.27;213
2016.04.28;216
2016.04.29;210
2016.04.30;212
2016.05.01;206
2016.05.02;200
2016.05.03;196
2016.05.04;201
2016.05.05;233
2016.05.06;298
2016.05.07;313
2016.05.08;271
2016.05.09;239
2016.05.10;222
2016.05.11;216
2016.05.12;214
2016.05.13;220
2016.05.14;247
2016.05.15;354
2016.05.16;418
2016.05.17;411
2016.05.18;363
2016.05.19;312
2016.05.20;284
2016.05.21;275
2016.05.22;284
2016.05.23;277
2016.05.24;261
2016.05.25;258
2016.05.26;291
2016.05.27;325
2016.05.28;315
2016.05.29;295
2016.05.30;290
2016.05.31;325
2016.06.01;347
2016.06.02;394
2016.06.03;453
2016.06.04;469
2016.06.05;440
2016.06.06;403
2016.06.07;390
2016.06.08;398
2016.06.09;387
2016.06.10;372
2016.06.11;371
2016.06.12;408
2016.06.13;400
2016.06.14;380
2016.06.15;377
2016.06.16;374
2016.06.17;392
2016.06.18;410
2016.06.19;404
2016.06.20;423
2016.06.21;426
2016.06.22;454
2016.06.23;460
2016.06.24;417
2016.06.25;370
2016.06.26;352
2016.06.27;343
2016.06.28;382
2016.06.29;416
2016.06.30;406
2016.07.01;358
2016.07.02;342
2016.07.03;332
2016.07.04;314
2016.07.05;358
2016.07.06;356
2016.07.07;318
2016.07.08;279
2016.07.09;270
2016.07.10;254
2016.07.11;238
2016.07.12;229
2016.07.13;223
2016.07.14;275
2016.07.15;403
2016.07.16;486
2016.07.17;523
2016.07.18;496
2016.07.19;432
2016.07.20;394
2016.07.21;364
2016.07.22;339
2016.07.23;310
2016.07.24;283
2016.07.25;278
2016.07.26;298
2016.07.27;284
2016.07.28;301
2016.07.29;329
2016.07.30;361
2016.07.31;346
2016.08.01;312
2016.08.02;291
2016.08.03;291
2016.08.04;296
2016.08.05;283
2016.08.06;262
2016.08.07;262
2016.08.08;381
2016.08.09;381
2016.08.10;367
2016.08.11;341
2016.08.12;407
2016.08.13;421
2016.08.14;389
2016.08.15;349
2016.08.16;321
2016.08.17;290
2016.08.18;281
2016.08.19;272
2016.08.20;269
2016.08.21;253
2016.08.22;239
2016.08.23;252
2016.08.24;268
2016.08.25;253
2016.08.26;244
2016.08.27;227
2016.08.28;214
2016.08.29;198
2016.08.30;184
2016.08.31;177
2016.09.01;199
2016.09.02;203
2016.09.03;188
2016.09.04;183
2016.09.05;172
2016.09.06;159
2016.09.07;161
2016.09.08;233
2016.09.09;290
2016.09.10;251
2016.09.11;219
2016.09.12;202
2016.09.13;207
2016.09.14;207
2016.09.15;161
2016.09.16;127
2016.09.17;118
2016.09.18;129
2016.09.19;144
2016.09.20;202
2016.09.21;245
2016.09.22;283
2016.09.23;294
2016.09.24;263
2016.09.25;227
2016.09.26;202
2016.09.27;178
2016.09.28;161
2016.09.29;148
2016.09.30;150
2016.10.01;149
2016.10.02;143
2016.10.03;130
2016.10.04;124
2016.10.05;128
2016.10.06;158
2016.10.07;213
2016.10.08;200
2016.10.09;199
2016.10.10;194
2016.10.11;177
2016.10.12;159
2016.10.13;152
2016.10.14;150
2016.10.15;158
2016.10.16;156
2016.10.17;151
2016.10.18;148
2016.10.19;142
2016.10.20;141
2016.10.21;156
2016.10.22;199
2016.10.23;227
2016.10.24;221
2016.10.25;197
2016.10.26;178
2016.10.27;167
2016.10.28;182
2016.10.29;190
2016.10.30;179
2016.10.31;166
2016.11.01;150
2016.11.02;142
2016.11.03;139
2016.11.04;130
2016.11.05;129
2016.11.06;136
2016.11.07;140
2016.11.08;148
2016.11.09;193
2016.11.10;205
2016.11.11;202
2016.11.12;185
2016.11.13;184
2016.11.14;198
2016.11.15;208
2016.11.16;200
2016.11.17;182
2016.11.18;186
2016.11.19;248
2016.11.20;272
2016.11.21;259
2016.11.22;252
2016.11.23;266
2016.11.24;257
2016.11.25;235
2016.11.26;215
2016.11.27;201
2016.11.28;187
2016.11.29;175
2016.11.30;166
2016.12.01;167
2016.12.02;168
2016.12.03;161
2016.12.04;159
2016.12.05;152
2016.12.06;143
2016.12.07;140
2016.12.08;141
2016.12.09;144
2016.12.10;139
2016.12.11;128
2016.12.12;120
2016.12.13;118
2016.12.14;128
2016.12.15;152
2016.12.16;162
2016.12.17;156
2016.12.18;151
2016.12.19;143
2016.12.20;130
2016.12.21;121
2016.12.22;122
2016.12.23;125
2016.12.24;131
2016.12.25;125
2016.12.26;116
2016.12.27;110
2016.12.28;116
2016.12.29;135
2016.12.30;151
2016.12.31;156
2017.01.01;146
2017.01.02;126
2017.01.03;116
2017.01.04;107
2017.01.05;102
2017.01.06;103
2017.01.07;102
2017.01.08;94
2017.01.09;85
2017.01.10;81
2017.01.11;75
2017.01.12;94
2017.01.13;99
2017.01.14;101
2017.01.15;110
2017.01.16;120
2017.01.17;122
2017.01.18;120
2017.01.19;112
2017.01.20;109
2017.01.21;108
2017.01.22;96
2017.01.23;91
2017.01.24;73
2017.01.25;76
2017.01.26;85
2017.01.27;83
2017.01.28;82
2017.01.29;85
2017.01.30;86
2017.01.31;68
2017.02.01;82
2017.02.02;100
2017.02.03;111
2017.02.04;143
2017.02.05;162
2017.02.06;162
2017.02.07;172
2017.02.08;183
2017.02.09;180
2017.02.10;172
2017.02.11;161
2017.02.12;149
2017.02.13;136
2017.02.14;126
2017.02.15;113
2017.02.16;106
2017.02.17;109
2017.02.18;120
2017.02.19;117
2017.02.20;125
2017.02.21;139
2017.02.22;158
2017.02.23;219
2017.02.24;389
2017.02.25;411
2017.02.26;399
2017.02.27;360
2017.02.28;312
2017.03.01;277
2017.03.02;249
2017.03.03;243
2017.03.04;260
2017.03.05;268
2017.03.06;251
2017.03.07;239
2017.03.08;247
2017.03.09;238
2017.03.10;236
2017.03.11;267
2017.03.12;354
2017.03.13;355
2017.03.14;327
2017.03.15;293
2017.03.16;266
2017.03.17;247
2017.03.18;233
2017.03.19;228
2017.03.20;260
2017.03.21;418
2017.03.22;440
2017.03.23;427
2017.03.24;388
2017.03.25;351
2017.03.26;329
2017.03.27;300
2017.03.28;278
2017.03.29;267
2017.03.30;254
2017.03.31;245
2017.04.01;233
2017.04.02;219
2017.04.03;214
2017.04.04;221
2017.04.05;222
2017.04.06;224
2017.04.07;227
2017.04.08;230
2017.04.09;221
2017.04.10;208
2017.04.11;197
2017.04.12;189
2017.04.13;199
2017.04.14;201
2017.04.15;192
2017.04.16;185
2017.04.17;166
2017.04.18;154
2017.04.19;165
2017.04.20;196
2017.04.21;224
2017.04.22;223
2017.04.23;210
2017.04.24;199
2017.04.25;216
2017.04.26;219
2017.04.27;225
2017.04.28;254
2017.04.29;292
2017.04.30;370
2017.05.01;423
2017.05.02;417
2017.05.03;394
2017.05.04;367
2017.05.05;362
2017.05.06;376
2017.05.07;366
2017.05.08;356
2017.05.09;340
2017.05.10;366
2017.05.11;456
2017.05.12;439
2017.05.13;390
2017.05.14;348
2017.05.15;342
2017.05.16;327
2017.05.17;324
2017.05.18;336
2017.05.19;322
2017.05.20;306
2017.05.21;300
2017.05.22;294
2017.05.23;280
2017.05.24;257
2017.05.25;256
2017.05.26;267
2017.05.27;274
2017.05.28;270
2017.05.29;240
2017.05.30;226
2017.05.31;224
2017.06.01;229
2017.06.02;251
2017.06.03;255
2017.06.04;256
2017.06.05;253
2017.06.06;243
2017.06.07;236
2017.06.08;232
2017.06.09;252
2017.06.10;256
2017.06.11;239
2017.06.12;218
2017.06.13;206
2017.06.14;194
2017.06.15;195
2017.06.16;195
2017.06.17;193
2017.06.18;187
2017.06.19;181
2017.06.20;167
2017.06.21;157
2017.06.22;153
2017.06.23;152
2017.06.24;153
2017.06.25;149
2017.06.26;144
2017.06.27;140
2017.06.28;164
2017.06.29;165
2017.06.30;158
2017.07.01;162
2017.07.02;175
2017.07.03;193
2017.07.04;178
2017.07.05;177
2017.07.06;196
2017.07.07;181
2017.07.08;173
2017.07.09;158
2017.07.10;147
2017.07.11;152
2017.07.12;164
2017.07.13;182
2017.07.14;203
2017.07.15;200
2017.07.16;195
2017.07.17;184
2017.07.18;210
2017.07.19;197
2017.07.20;175
2017.07.21;170
2017.07.22;163
2017.07.23;175
2017.07.24;177
2017.07.25;172
2017.07.26;185
2017.07.27;256
2017.07.28;279
2017.07.29;383
2017.07.30;377
2017.07.31;357
2017.08.01;319
2017.08.02;274
2017.08.03;253
2017.08.04;239
2017.08.05;224
2017.08.06;209
2017.08.07;215
2017.08.08;259
2017.08.09;312
2017.08.10;289
2017.08.11;262
2017.08.12;245
2017.08.13;288
2017.08.14;307
2017.08.15;290
2017.08.16;269
2017.08.17;255
2017.08.18;238
2017.08.19;224
2017.08.20;224
2017.08.21;227
2017.08.22;303
2017.08.23;297
2017.08.24;256
2017.08.25;219
2017.08.26;201
2017.08.27;194
2017.08.28;190
2017.08.29;185
2017.08.30;176
2017.08.31;172
2017.09.01;174
2017.09.02;180
2017.09.03;190
2017.09.04;282
2017.09.05;339
2017.09.06;375
2017.09.07;396
2017.09.08;363
2017.09.09;324
2017.09.10;297
2017.09.11;267
2017.09.12;248
2017.09.13;253
2017.09.14;235
2017.09.15;237
2017.09.16;220
2017.09.17;216
2017.09.18;215
2017.09.19;227
2017.09.20;240
2017.09.21;265
2017.09.22;349
2017.09.23;344
2017.09.24;324
2017.09.25;292
2017.09.26;267
2017.09.27;254
2017.09.28;239
2017.09.29;216
2017.09.30;204
2017.10.01;194
2017.10.02;187
2017.10.03;172
2017.10.04;180
2017.10.05;189
2017.10.06;206
2017.10.07;214
2017.10.08;216
2017.10.09;220
2017.10.10;229
2017.10.11;257
2017.10.12;270
2017.10.13;252
2017.10.14;230
2017.10.15;211
2017.10.16;190
2017.10.17;166
2017.10.18;147
2017.10.19;136
2017.10.20;136
2017.10.21;134
2017.10.22;138
2017.10.23;137
2017.10.24;125
2017.10.25;128
2017.10.26;155
2017.10.27;178
2017.10.28;174
2017.10.29;187
2017.10.30;224
2017.10.31;259
2017.11.01;318
2017.11.02;301
2017.11.03;269
2017.11.04;241
2017.11.05;225
2017.11.06;220
2017.11.07;205
2017.11.08;206
2017.11.09;236
2017.11.10;244
2017.11.11;231
2017.11.12;218
2017.11.13;203
2017.11.14;244
2017.11.15;307
2017.11.16;323
2017.11.17;314
2017.11.18;301
2017.11.19;274
2017.11.20;248
2017.11.21;224
2017.11.22;214
2017.11.23;233
2017.11.24;270
2017.11.25;270
2017.11.26;257
2017.11.27;238
2017.11.28;226
2017.11.29;217
2017.11.30;226
2017.12.01;231
2017.12.02;226
2017.12.03;230
2017.12.04;222
2017.12.05;199
2017.12.06;188
2017.12.07;188
2017.12.08;197
2017.12.09;206
2017.12.10;199
2017.12.11;194
2017.12.12;189
2017.12.13;189
2017.12.14;229
2017.12.15;283
2017.12.16;279
2017.12.17;262
2017.12.18;258
2017.12.19;246
2017.12.20;231
2017.12.21;218
2017.12.22;209
2017.12.23;206
2017.12.24;245
2017.12.25;264
2017.12.26;263
2017.12.27;253
2017.12.28;240
2017.12.29;236
2017.12.30;238
2017.12.31;243
2018.01.01;241
2018.01.02;297
2018.01.03;344
2018.01.04;352
2018.01.05;349
2018.01.06;394
2018.01.07;489
2018.01.08;509
2018.01.09;494
2018.01.10;468
2018.01.11;452
2018.01.12;428
2018.01.13;400
2018.01.14;371
2018.01.15;338
2018.01.16;312
2018.01.17;285
2018.01.18;274
2018.01.19;284
2018.01.20;317
2018.01.21;374
2018.01.22;379
2018.01.23;366
2018.01.24;368
2018.01.25;384
2018.01.26;391
2018.01.27;403
2018.01.28;407
2018.01.29;381
2018.01.30;348
2018.01.31;341
2018.02.01;352
2018.02.02;350
2018.02.03;340
2018.02.04;331
2018.02.05;319
2018.02.06;307
2018.02.07;289
2018.02.08;277
2018.02.09;266
2018.02.10;259
2018.02.11;249
2018.02.12;234
2018.02.13;220
2018.02.14;214
2018.02.15;213
2018.02.16;212
2018.02.17;212
2018.02.18;213
2018.02.19;222
2018.02.20;234
2018.02.21;235
2018.02.22;235
2018.02.23;230
2018.02.24;224
2018.02.25;204
2018.02.26;182
2018.02.27;175
2018.02.28;172
2018.03.01;165
2018.03.02;161
2018.03.03;156
2018.03.04;151
2018.03.05;152
2018.03.06;152
2018.03.07;155
2018.03.08;159
2018.03.09;178
2018.03.10;193
2018.03.11;195
2018.03.12;197
2018.03.13;204
2018.03.14;237
2018.03.15;293
2018.03.16;279
2018.03.17;265
2018.03.18;269
2018.03.19;275
2018.03.20;267
2018.03.21;246
2018.03.22;235
2018.03.23;229
2018.03.24;216
2018.03.25;202
2018.03.26;189
2018.03.27;179
2018.03.28;175
2018.03.29;172
2018.03.30;176
2018.03.31;191
2018.04.01;211
2018.04.02;239
2018.04.03;255
2018.04.04;263
2018.04.05;263
2018.04.06;258
2018.04.07;280
2018.04.08;283
2018.04.09;269
2018.04.10;259
2018.04.11;276
2018.04.12;290
2018.04.13;289
2018.04.14;291
2018.04.15;296
2018.04.16;298
2018.04.17;283
2018.04.18;288
2018.04.19;299
2018.04.20;295
2018.04.21;286
2018.04.22;284
2018.04.23;290
2018.04.24;299
2018.04.25;309
2018.04.26;331
2018.04.27;340
2018.04.28;337
2018.04.29;326
2018.04.30;301
2018.05.01;297
2018.05.02;289
2018.05.03;281
2018.05.04;277
2018.05.05;269
2018.05.06;266
2018.05.07;262
2018.05.08;252
2018.05.09;251
2018.05.10;249
2018.05.11;250
2018.05.12;248
2018.05.13;236
2018.05.14;229
2018.05.15;230
2018.05.16;229
2018.05.17;261
2018.05.18;297
2018.05.19;298
2018.05.20;275
2018.05.21;264
2018.05.22;253
2018.05.23;236
2018.05.24;221
2018.05.25;217
2018.05.26;221
2018.05.27;230
2018.05.28;242
2018.05.29;244
2018.05.30;230
2018.05.31;228
2018.06.01;231
2018.06.02;232
2018.06.03;231
2018.06.04;232
2018.06.05;239
2018.06.06;235
2018.06.07;220
2018.06.08;216
2018.06.09;220
2018.06.10;221
2018.06.11;218
2018.06.12;212
2018.06.13;216
2018.06.14;223
2018.06.15;273
2018.06.16;360
2018.06.17;353
2018.06.18;300
2018.06.19;251
2018.06.20;223
2018.06.21;211
2018.06.22;202
2018.06.23;190
2018.06.24;187
2018.06.25;192
2018.06.26;181
2018.06.27;172
2018.06.28;184
2018.06.29;190
2018.06.30;270
2018.07.01;350
2018.07.02;326
2018.07.03;271
2018.07.04;223
2018.07.05;193
2018.07.06;185
2018.07.07;186
2018.07.08;207
2018.07.09;260
2018.07.10;248
2018.07.11;223
2018.07.12;200
2018.07.13;190
2018.07.14;186
2018.07.15;172
2018.07.16;156
2018.07.17;143
2018.07.18;136
2018.07.19;138
2018.07.20;137
2018.07.21;138
2018.07.22;139
2018.07.23;135
2018.07.24;134
2018.07.25;156
2018.07.26;167
2018.07.27;159
2018.07.28;152
2018.07.29;140
2018.07.30;124
2018.07.31;116
2018.08.01;106
2018.08.02;100
2018.08.03;95
2018.08.04;94
2018.08.05;104
2018.08.06;104
2018.08.07;98
2018.08.08;93
2018.08.09;93
2018.08.10;95
2018.08.11;93
2018.08.12;96
2018.08.13;94
2018.08.14;90
2018.08.15;84
2018.08.16;84
2018.08.17;97
2018.08.18;93
2018.08.19;83
2018.08.20;70
2018.08.21;63
2018.08.22;61
2018.08.23;63
2018.08.24;72
2018.08.25;78
2018.08.26;92
2018.08.27;102
2018.08.28;128
2018.08.29;164
2018.08.30;140
2018.08.31;118
2018.09.01;108
2018.09.02;127
2018.09.03;165
2018.09.04;212
2018.09.05;220
2018.09.06;219
2018.09.07;193
2018.09.08;190
2018.09.09;166
2018.09.10;152
2018.09.11;135
2018.09.12;123
2018.09.13;113
2018.09.14;104
2018.09.15;103
2018.09.16;104
2018.09.17;115
2018.09.18;113
2018.09.19;105
2018.09.20;90
2018.09.21;94
2018.09.22;100
2018.09.23;100
2018.09.24;93
2018.09.25;89
2018.09.26;111
2018.09.27;141
2018.09.28;130
2018.09.29;116
2018.09.30;105
2018.10.01;88
2018.10.02;87
2018.10.03;79
2018.10.04;82
2018.10.05;95
2018.10.06;104
2018.10.07;97
2018.10.08;90
2018.10.09;81
2018.10.10;72
2018.10.11;71
2018.10.12;80
2018.10.13;75
2018.10.14;71
2018.10.15;60
2018.10.16;50
2018.10.17;44
2018.10.18;45
2018.10.19;52
2018.10.20;58
2018.10.21;58
2018.10.22;52
2018.10.23;44
2018.10.24;45
2018.10.25;39
2018.10.26;45
2018.10.27;137
2018.10.28;167
2018.10.29;136
2018.10.30;120
2018.10.31;144
2018.11.01;195
2018.11.02;202
2018.11.03;163
2018.11.04;130
2018.11.05;111
2018.11.06;97
2018.11.07;89
2018.11.08;86
2018.11.09;83
2018.11.10;77
2018.11.11;76
2018.11.12;74
2018.11.13;66
2018.11.14;59
2018.11.15;63
2018.11.16;62
2018.11.17;56
2018.11.18;58
2018.11.19;54
2018.11.20;46
2018.11.21;50
2018.11.22;58
2018.11.23;72
2018.11.24;69
2018.11.25;66
2018.11.26;67
2018.11.27;61
2018.11.28;60
2018.11.29;81
2018.11.30;91
2018.12.01;83
2018.12.02;71
2018.12.03;58
2018.12.04;56
2018.12.05;80
2018.12.06;141
2018.12.07;169
2018.12.08;169
2018.12.09;160
2018.12.10;151
2018.12.11;153
2018.12.12;170
2018.12.13;188
2018.12.14;187
2018.12.15;178
2018.12.16;165
2018.12.17;147
2018.12.18;131
2018.12.19;112
2018.12.20;103
2018.12.21;105
2018.12.22;100
2018.12.23;104
2018.12.24;131
2018.12.25;282
2018.12.26;429
2018.12.27;438
2018.12.28;390
2018.12.29;333
2018.12.30;287
2018.12.31;253
2019.01.01;228
2019.01.02;219
2019.01.03;223
2019.01.04;230
2019.01.05;221
2019.01.06;211
2019.01.07;197
2019.01.08;194
2019.01.09;214
2019.01.10;247
2019.01.11;281
2019.01.12;281
2019.01.13;273
2019.01.14;248
2019.01.15;250
2019.01.16;346
2019.01.17;370
2019.01.18;361
2019.01.19;334
2019.01.20;307
2019.01.21;287
2019.01.22;264
2019.01.23;241
2019.01.24;225
2019.01.25;216
2019.01.26;208
2019.01.27;194
2019.01.28;188
2019.01.29;176
2019.01.30;166
2019.01.31;173
2019.02.01;175
2019.02.02;170
2019.02.03;169
2019.02.04;174
2019.02.05;212
2019.02.06;240
2019.02.07;234
2019.02.08;221
2019.02.09;207
2019.02.10;192
2019.02.11;184
2019.02.12;187
2019.02.13;206
2019.02.14;244
2019.02.15;252
2019.02.16;236
2019.02.17;220
2019.02.18;211
2019.02.19;203
2019.02.20;205
2019.02.21;213
2019.02.22;220
2019.02.23;224
2019.02.24;277
2019.02.25;327
2019.02.26;305
2019.02.27;282
2019.02.28;264
2019.03.01;261
2019.03.02;277
2019.03.03;309
2019.03.04;351
2019.03.05;361
2019.03.06;351
2019.03.07;347
2019.03.08;345
2019.03.09;336
2019.03.10;352
2019.03.11;344
2019.03.12;341
2019.03.13;371
2019.03.14;379
2019.03.15;362
2019.03.16;340
2019.03.17;361
2019.03.18;463
2019.03.19;491
2019.03.20;494
2019.03.21;469
2019.03.22;427
2019.03.23;385
2019.03.24;350
2019.03.25;327
2019.03.26;323
2019.03.27;329
2019.03.28;327
2019.03.29;307
2019.03.30;284
2019.03.31;263
2019.04.01;254
2019.04.02;248
2019.04.03;253
2019.04.04;267
2019.04.05;276
2019.04.06;285
2019.04.07;295
2019.04.08;291
2019.04.09;278
2019.04.10;278
2019.04.11;280
2019.04.12;280
2019.04.13;287
2019.04.14;283
2019.04.15;255
2019.04.16;230
2019.04.17;219
2019.04.18;208
2019.04.19;207
2019.04.20;210
2019.04.21;216
2019.04.22;225
2019.04.23;225
2019.04.24;238
2019.04.25;250
2019.04.26;261
2019.04.27;276
2019.04.28;295
2019.04.29;307
2019.04.30;290
2019.05.01;270
2019.05.02;274
2019.05.03;275
2019.05.04;250
2019.05.05;253
2019.05.06;276
2019.05.07;286
2019.05.08;290
2019.05.09;274
2019.05.10;257
2019.05.11;259
2019.05.12;273
2019.05.13;267
2019.05.14;300
2019.05.15;341
2019.05.16;335
2019.05.17;312
2019.05.18;299
2019.05.19;283
2019.05.20;281
2019.05.21;271
2019.05.22;300
2019.05.23;418
2019.05.24;506
2019.05.25;549
2019.05.26;569
2019.05.27;558
2019.05.28;525
2019.05.29;499
2019.05.30;508
2019.05.31;550
2019.06.01;585
2019.06.02;567
2019.06.03;520
2019.06.04;472
2019.06.05;450
2019.06.06;456
2019.06.07;464
2019.06.08;474
2019.06.09;465
2019.06.10;454
2019.06.11;418
2019.06.12;407
2019.06.13;426
2019.06.14;457
2019.06.15;471
2019.06.16;442
2019.06.17;409
2019.06.18;395
2019.06.19;375
2019.06.20;358
2019.06.21;343
2019.06.22;340
2019.06.23;349
2019.06.24;344
2019.06.25;353
2019.06.26;344
2019.06.27;329
2019.06.28;317
2019.06.29;302
2019.06.30;306
2019.07.01;305
2019.07.02;290
2019.07.03;263
2019.07.04;256
2019.07.05;258
2019.07.06;240
2019.07.07;229
2019.07.08;215
2019.07.09;203
2019.07.10;202
2019.07.11;206
2019.07.12;201
2019.07.13;190
2019.07.14;185
2019.07.15;188
2019.07.16;212
2019.07.17;222
2019.07.18;206
2019.07.19;180
2019.07.20;167
2019.07.21;170
2019.07.22;159
2019.07.23;149
2019.07.24;149
2019.07.25;152
2019.07.26;151
2019.07.27;142
2019.07.28;152
2019.07.29;155
2019.07.30;150
2019.07.31;230
2019.08.01;288
2019.08.02;256
2019.08.03;228
2019.08.04;205
2019.08.05;198
2019.08.06;211
2019.08.07;204
2019.08.08;191
2019.08.09;181
2019.08.10;189
2019.08.11;196
2019.08.12;190
2019.08.13;177
2019.08.14;168
2019.08.15;173
2019.08.16;212
2019.08.17;227
2019.08.18;216
2019.08.19;199
2019.08.20;181
2019.08.21;169
2019.08.22;163
2019.08.23;171
2019.08.24;221
2019.08.25;236
2019.08.26;201
2019.08.27;185
2019.08.28;186
2019.08.29;161
2019.08.30;163
2019.08.31;154
2019.09.01;154
2019.09.02;151
2019.09.03;143
2019.09.04;141
2019.09.05;178
2019.09.06;195
2019.09.07;182
2019.09.08;185
2019.09.09;178
2019.09.10;181
2019.09.11;229
2019.09.12;269
2019.09.13;257
2019.09.14;230
2019.09.15;200
2019.09.16;175
2019.09.17;156
2019.09.18;139
2019.09.19;135
2019.09.20;132
2019.09.21;124
2019.09.22;120
2019.09.23;104
2019.09.24;94
2019.09.25;94
2019.09.26;92
2019.09.27;101
2019.09.28;108
2019.09.29;111
2019.09.30;103
2019.10.01;102
2019.10.02;105
2019.10.03;100
2019.10.04;98
2019.10.05;110
2019.10.06;133
2019.10.07;152
2019.10.08;173
2019.10.09;182
2019.10.10;207
2019.10.11;216
2019.10.12;215
2019.10.13;228
2019.10.14;217
2019.10.15;188
2019.10.16;180
2019.10.17;173
2019.10.18;150
2019.10.19;138
2019.10.20;131
2019.10.21;119
2019.10.22;107
2019.10.23;103
2019.10.24;110
2019.10.25;111
2019.10.26;115
2019.10.27;107
2019.10.28;94
2019.10.29;84
2019.10.30;83
2019.10.31;89
2019.11.01;96
2019.11.02;95
2019.11.03;102
2019.11.04;112
2019.11.05;113
2019.11.06;114
2019.11.07;131
2019.11.08;173
2019.11.09;179
2019.11.10;175
2019.11.11;169
2019.11.12;159
2019.11.13;152
2019.11.14;153
2019.11.15;168
2019.11.16;191
2019.11.17;199
2019.11.18;217
2019.11.19;239
2019.11.20;265
2019.11.21;241
2019.11.22;221
2019.11.23;209
2019.11.24;196
2019.11.25;179
2019.11.26;166
2019.11.27;156
2019.11.28;159
2019.11.29;159
2019.11.30;153
2019.12.01;143
2019.12.02;138
2019.12.03;134
2019.12.04;136
2019.12.05;141
2019.12.06;140
2019.12.07;133
2019.12.08;130
2019.12.09;119
2019.12.10;105
2019.12.11;103
2019.12.12;111
2019.12.13;118
2019.12.14;116
2019.12.15;118
2019.12.16;118
2019.12.17;116
2019.12.18;114
2019.12.19;116
2019.12.20;131
2019.12.21;137
2019.12.22;131
2019.12.23;146
2019.12.24;174
2019.12.25;210
2019.12.26;235
2019.12.27;261
2019.12.28;284
2019.12.29;271
2019.12.30;252
2019.12.31;223
